Entity,code,Date,total
Albania,ALB,10/01/2021,0
Albania,ALB,12/01/2021,0
Albania,ALB,13/01/2021,0.01
Albania,ALB,14/01/2021,0.01
Albania,ALB,15/01/2021,0.01
Albania,ALB,16/01/2021,0.01
Albania,ALB,17/01/2021,0.01
Albania,ALB,18/01/2021,0.02
Albania,ALB,19/01/2021,0.02
Albania,ALB,20/01/2021,0.02
Albania,ALB,21/01/2021,0.02
Albania,ALB,02/02/2021,0.02
Albania,ALB,09/02/2021,0.04
Albania,ALB,17/02/2021,0.06
Albania,ALB,18/02/2021,0.11
Algeria,DZA,29/01/2021,0
Algeria,DZA,30/01/2021,0
Andorra,AND,25/01/2021,0.75
Andorra,AND,01/02/2021,1.34
Andorra,AND,10/02/2021,1.67
Andorra,AND,12/02/2021,2.1
Anguilla,AIA,04/02/2021,0
Anguilla,AIA,13/02/2021,8.94
Argentina,ARG,29/12/2020,0
Argentina,ARG,31/12/2020,0.07
Argentina,ARG,04/01/2021,0.09
Argentina,ARG,08/01/2021,0.24
Argentina,ARG,13/01/2021,0.37
Argentina,ARG,15/01/2021,0.44
Argentina,ARG,20/01/2021,0.55
Argentina,ARG,21/01/2021,0.59
Argentina,ARG,22/01/2021,0.62
Argentina,ARG,23/01/2021,0.64
Argentina,ARG,24/01/2021,0.65
Argentina,ARG,25/01/2021,0.65
Argentina,ARG,26/01/2021,0.68
Argentina,ARG,27/01/2021,0.7
Argentina,ARG,28/01/2021,0.73
Argentina,ARG,29/01/2021,0.76
Argentina,ARG,30/01/2021,0.81
Argentina,ARG,01/02/2021,0.83
Argentina,ARG,03/02/2021,0.88
Argentina,ARG,04/02/2021,0.98
Argentina,ARG,06/02/2021,1.04
Argentina,ARG,07/02/2021,1.11
Argentina,ARG,08/02/2021,1.13
Argentina,ARG,09/02/2021,1.14
Argentina,ARG,10/02/2021,1.18
Argentina,ARG,11/02/2021,1.27
Argentina,ARG,12/02/2021,1.31
Argentina,ARG,13/02/2021,1.34
Argentina,ARG,14/02/2021,1.35
Argentina,ARG,15/02/2021,1.35
Argentina,ARG,16/02/2021,1.35
Argentina,ARG,17/02/2021,1.35
Argentina,ARG,18/02/2021,1.41
Austria,AUT,13/01/2021,0.24
Austria,AUT,14/01/2021,0.52
Austria,AUT,15/01/2021,0.75
Austria,AUT,16/01/2021,0.84
Austria,AUT,17/01/2021,0.91
Austria,AUT,18/01/2021,0.99
Austria,AUT,19/01/2021,1.08
Austria,AUT,20/01/2021,1.41
Austria,AUT,21/01/2021,1.7
Austria,AUT,22/01/2021,1.82
Austria,AUT,23/01/2021,1.87
Austria,AUT,24/01/2021,1.9
Austria,AUT,25/01/2021,1.97
Austria,AUT,26/01/2021,2.08
Austria,AUT,27/01/2021,2.13
Austria,AUT,28/01/2021,2.2
Austria,AUT,29/01/2021,2.32
Austria,AUT,30/01/2021,2.45
Austria,AUT,31/01/2021,2.5
Austria,AUT,01/02/2021,2.53
Austria,AUT,02/02/2021,2.68
Austria,AUT,03/02/2021,2.81
Austria,AUT,04/02/2021,2.91
Austria,AUT,05/02/2021,3.08
Austria,AUT,06/02/2021,3.16
Austria,AUT,07/02/2021,3.22
Austria,AUT,08/02/2021,3.31
Austria,AUT,09/02/2021,3.46
Austria,AUT,10/02/2021,3.66
Austria,AUT,11/02/2021,3.81
Austria,AUT,12/02/2021,4.06
Austria,AUT,13/02/2021,4.09
Austria,AUT,14/02/2021,4.15
Austria,AUT,15/02/2021,4.47
Austria,AUT,16/02/2021,4.64
Austria,AUT,17/02/2021,4.94
Austria,AUT,18/02/2021,5.17
Azerbaijan,AZE,17/01/2021,0
Azerbaijan,AZE,06/02/2021,0.64
Bahrain,BHR,23/12/2020,2.29
Bahrain,BHR,24/12/2020,2.94
Bahrain,BHR,25/12/2020,2.97
Bahrain,BHR,26/12/2020,3.03
Bahrain,BHR,27/12/2020,3.15
Bahrain,BHR,28/12/2020,3.23
Bahrain,BHR,29/12/2020,3.29
Bahrain,BHR,30/12/2020,3.37
Bahrain,BHR,31/12/2020,3.45
Bahrain,BHR,01/01/2021,3.49
Bahrain,BHR,02/01/2021,3.53
Bahrain,BHR,03/01/2021,3.57
Bahrain,BHR,04/01/2021,3.62
Bahrain,BHR,05/01/2021,3.75
Bahrain,BHR,06/01/2021,4.02
Bahrain,BHR,07/01/2021,4.25
Bahrain,BHR,08/01/2021,4.6
Bahrain,BHR,09/01/2021,4.95
Bahrain,BHR,10/01/2021,5.25
Bahrain,BHR,11/01/2021,5.44
Bahrain,BHR,12/01/2021,5.75
Bahrain,BHR,13/01/2021,5.96
Bahrain,BHR,14/01/2021,6.44
Bahrain,BHR,15/01/2021,7.22
Bahrain,BHR,16/01/2021,8.06
Bahrain,BHR,17/01/2021,8.32
Bahrain,BHR,18/01/2021,8.39
Bahrain,BHR,19/01/2021,8.44
Bahrain,BHR,20/01/2021,8.47
Bahrain,BHR,26/01/2021,9.75
Bahrain,BHR,27/01/2021,9.86
Bahrain,BHR,28/01/2021,9.96
Bahrain,BHR,29/01/2021,9.98
Bahrain,BHR,30/01/2021,10.02
Bahrain,BHR,31/01/2021,10.08
Bahrain,BHR,01/02/2021,10.16
Bahrain,BHR,02/02/2021,10.23
Bahrain,BHR,03/02/2021,10.29
Bahrain,BHR,04/02/2021,10.42
Bahrain,BHR,05/02/2021,10.55
Bahrain,BHR,06/02/2021,10.73
Bahrain,BHR,07/02/2021,11.25
Bahrain,BHR,08/02/2021,11.82
Bahrain,BHR,09/02/2021,12.51
Bahrain,BHR,10/02/2021,12.91
Bahrain,BHR,11/02/2021,13.22
Bahrain,BHR,12/02/2021,13.67
Bahrain,BHR,13/02/2021,14.24
Bahrain,BHR,14/02/2021,14.62
Bahrain,BHR,15/02/2021,14.75
Bahrain,BHR,16/02/2021,14.87
Bahrain,BHR,17/02/2021,15.14
Bahrain,BHR,18/02/2021,15.48
Bangladesh,BGD,26/01/2021,0
Bangladesh,BGD,27/01/2021,0
Bangladesh,BGD,28/01/2021,0
Bangladesh,BGD,07/02/2021,0.02
Bangladesh,BGD,09/02/2021,0.11
Bangladesh,BGD,10/02/2021,0.21
Bangladesh,BGD,13/02/2021,0.45
Bangladesh,BGD,14/02/2021,0.55
Bangladesh,BGD,15/02/2021,0.69
Bangladesh,BGD,16/02/2021,0.83
Bangladesh,BGD,17/02/2021,0.96
Bangladesh,BGD,18/02/2021,1.12
Barbados,BRB,15/02/2021,1.56
Barbados,BRB,16/02/2021,2.33
Barbados,BRB,17/02/2021,3.17
Belgium,BEL,28/12/2020,0
Belgium,BEL,29/12/2020,0
Belgium,BEL,30/12/2020,0.01
Belgium,BEL,31/12/2020,0.01
Belgium,BEL,01/01/2021,0.01
Belgium,BEL,05/01/2021,0.02
Belgium,BEL,06/01/2021,0.05
Belgium,BEL,07/01/2021,0.12
Belgium,BEL,08/01/2021,0.2
Belgium,BEL,09/01/2021,0.23
Belgium,BEL,10/01/2021,0.23
Belgium,BEL,11/01/2021,0.28
Belgium,BEL,12/01/2021,0.41
Belgium,BEL,13/01/2021,0.59
Belgium,BEL,14/01/2021,0.79
Belgium,BEL,15/01/2021,0.99
Belgium,BEL,16/01/2021,1.03
Belgium,BEL,17/01/2021,1.06
Belgium,BEL,18/01/2021,1.15
Belgium,BEL,19/01/2021,1.32
Belgium,BEL,20/01/2021,1.49
Belgium,BEL,21/01/2021,1.75
Belgium,BEL,22/01/2021,2
Belgium,BEL,23/01/2021,2.07
Belgium,BEL,24/01/2021,2.08
Belgium,BEL,25/01/2021,2.18
Belgium,BEL,26/01/2021,2.28
Belgium,BEL,27/01/2021,2.42
Belgium,BEL,28/01/2021,2.61
Belgium,BEL,29/01/2021,2.77
Belgium,BEL,30/01/2021,2.81
Belgium,BEL,31/01/2021,2.82
Belgium,BEL,01/02/2021,2.88
Belgium,BEL,02/02/2021,3.07
Belgium,BEL,03/02/2021,3.31
Belgium,BEL,04/02/2021,3.58
Belgium,BEL,05/02/2021,3.83
Belgium,BEL,06/02/2021,3.88
Belgium,BEL,07/02/2021,3.91
Belgium,BEL,08/02/2021,3.99
Belgium,BEL,09/02/2021,4.21
Belgium,BEL,10/02/2021,4.4
Belgium,BEL,11/02/2021,4.68
Belgium,BEL,12/02/2021,4.94
Belgium,BEL,13/02/2021,4.99
Belgium,BEL,14/02/2021,5.01
Belgium,BEL,15/02/2021,5.1
Belgium,BEL,16/02/2021,5.19
Belgium,BEL,17/02/2021,5.25
Bermuda,BMU,10/01/2021,0
Bermuda,BMU,16/01/2021,2.67
Bermuda,BMU,23/01/2021,4.71
Bermuda,BMU,30/01/2021,7.86
Bermuda,BMU,06/02/2021,14.61
Bermuda,BMU,09/02/2021,16.06
Bermuda,BMU,15/02/2021,21.12
Bolivia,BOL,28/01/2021,0
Bolivia,BOL,29/01/2021,0
Bolivia,BOL,30/01/2021,0
Bolivia,BOL,31/01/2021,0
Bolivia,BOL,01/02/2021,0
Bolivia,BOL,02/02/2021,0.01
Bolivia,BOL,03/02/2021,0.03
Bolivia,BOL,11/02/2021,0.09
Brazil,BRA,16/01/2021,0
Brazil,BRA,17/01/2021,0
Brazil,BRA,18/01/2021,0
Brazil,BRA,19/01/2021,0.01
Brazil,BRA,20/01/2021,0.01
Brazil,BRA,21/01/2021,0.06
Brazil,BRA,22/01/2021,0.12
Brazil,BRA,23/01/2021,0.25
Brazil,BRA,24/01/2021,0.28
Brazil,BRA,25/01/2021,0.33
Brazil,BRA,26/01/2021,0.4
Brazil,BRA,27/01/2021,0.53
Brazil,BRA,28/01/2021,0.68
Brazil,BRA,29/01/2021,0.78
Brazil,BRA,30/01/2021,0.94
Brazil,BRA,31/01/2021,0.98
Brazil,BRA,01/02/2021,1
Brazil,BRA,02/02/2021,1.08
Brazil,BRA,03/02/2021,1.19
Brazil,BRA,04/02/2021,1.45
Brazil,BRA,05/02/2021,1.45
Brazil,BRA,06/02/2021,1.6
Brazil,BRA,07/02/2021,1.67
Brazil,BRA,08/02/2021,1.7
Brazil,BRA,09/02/2021,1.8
Brazil,BRA,10/02/2021,1.94
Brazil,BRA,11/02/2021,2.07
Brazil,BRA,12/02/2021,2.21
Brazil,BRA,13/02/2021,2.41
Brazil,BRA,14/02/2021,2.46
Brazil,BRA,15/02/2021,2.49
Brazil,BRA,16/02/2021,2.64
Brazil,BRA,17/02/2021,2.77
Brazil,BRA,18/02/2021,2.92
Bulgaria,BGR,29/12/2020,0.02
Bulgaria,BGR,30/12/2020,0.07
Bulgaria,BGR,01/01/2021,0.07
Bulgaria,BGR,05/01/2021,0.08
Bulgaria,BGR,06/01/2021,0.11
Bulgaria,BGR,07/01/2021,0.16
Bulgaria,BGR,08/01/2021,0.19
Bulgaria,BGR,09/01/2021,0.19
Bulgaria,BGR,11/01/2021,0.2
Bulgaria,BGR,12/01/2021,0.23
Bulgaria,BGR,13/01/2021,0.25
Bulgaria,BGR,14/01/2021,0.25
Bulgaria,BGR,15/01/2021,0.26
Bulgaria,BGR,16/01/2021,0.26
Bulgaria,BGR,17/01/2021,0.27
Bulgaria,BGR,18/01/2021,0.28
Bulgaria,BGR,19/01/2021,0.32
Bulgaria,BGR,20/01/2021,0.35
Bulgaria,BGR,21/01/2021,0.36
Bulgaria,BGR,22/01/2021,0.38
Bulgaria,BGR,23/01/2021,0.38
Bulgaria,BGR,24/01/2021,0.38
Bulgaria,BGR,25/01/2021,0.39
Bulgaria,BGR,26/01/2021,0.42
Bulgaria,BGR,27/01/2021,0.47
Bulgaria,BGR,28/01/2021,0.54
Bulgaria,BGR,29/01/2021,0.59
Bulgaria,BGR,30/01/2021,0.59
Bulgaria,BGR,31/01/2021,0.59
Bulgaria,BGR,01/02/2021,0.61
Bulgaria,BGR,02/02/2021,0.66
Bulgaria,BGR,03/02/2021,0.72
Bulgaria,BGR,04/02/2021,0.78
Bulgaria,BGR,05/02/2021,0.82
Bulgaria,BGR,06/02/2021,0.82
Bulgaria,BGR,07/02/2021,0.82
Bulgaria,BGR,08/02/2021,0.85
Bulgaria,BGR,09/02/2021,0.9
Bulgaria,BGR,10/02/2021,0.95
Bulgaria,BGR,11/02/2021,1.02
Bulgaria,BGR,12/02/2021,1.07
Bulgaria,BGR,13/02/2021,1.08
Bulgaria,BGR,14/02/2021,1.08
Bulgaria,BGR,15/02/2021,1.11
Bulgaria,BGR,16/02/2021,1.17
Bulgaria,BGR,17/02/2021,1.24
Bulgaria,BGR,18/02/2021,1.3
Cambodia,KHM,09/02/2021,0
Cambodia,KHM,10/02/2021,0.01
Cambodia,KHM,17/02/2021,0.02
Canada,CAN,12/01/2021,0.71
Canada,CAN,13/01/2021,0.76
Canada,CAN,14/01/2021,0.82
Canada,CAN,15/01/2021,0.91
Canada,CAN,18/01/2021,1.12
Canada,CAN,19/01/2021,1.22
Canada,CAN,20/01/2021,1.29
Canada,CAN,21/01/2021,1.87
Canada,CAN,22/01/2021,1.99
Canada,CAN,25/01/2021,2.13
Canada,CAN,26/01/2021,2.19
Canada,CAN,27/01/2021,2.36
Canada,CAN,28/01/2021,2.41
Canada,CAN,29/01/2021,2.48
Canada,CAN,01/02/2021,2.58
Canada,CAN,02/02/2021,2.61
Canada,CAN,03/02/2021,2.65
Canada,CAN,04/02/2021,2.69
Canada,CAN,05/02/2021,2.76
Canada,CAN,08/02/2021,2.91
Canada,CAN,09/02/2021,2.97
Canada,CAN,10/02/2021,3.06
Canada,CAN,11/02/2021,3.14
Canada,CAN,12/02/2021,3.24
Canada,CAN,15/02/2021,3.37
Canada,CAN,16/02/2021,3.46
Canada,CAN,17/02/2021,3.52
Canada,CAN,18/02/2021,3.58
Cayman Islands,CYM,26/12/2020,0
Cayman Islands,CYM,04/02/2021,16.75
Cayman Islands,CYM,09/02/2021,20.71
Cayman Islands,CYM,10/02/2021,21.43
Cayman Islands,CYM,12/02/2021,23.65
Cayman Islands,CYM,17/02/2021,25.45
Chile,CHL,24/12/2020,0
Chile,CHL,25/12/2020,0.03
Chile,CHL,26/12/2020,0.04
Chile,CHL,27/12/2020,0.05
Chile,CHL,28/12/2020,0.05
Chile,CHL,29/12/2020,0.05
Chile,CHL,30/12/2020,0.05
Chile,CHL,31/12/2020,0.05
Chile,CHL,01/01/2021,0.05
Chile,CHL,02/01/2021,0.05
Chile,CHL,03/01/2021,0.05
Chile,CHL,04/01/2021,0.05
Chile,CHL,05/01/2021,0.05
Chile,CHL,06/01/2021,0.06
Chile,CHL,07/01/2021,0.06
Chile,CHL,08/01/2021,0.06
Chile,CHL,09/01/2021,0.06
Chile,CHL,10/01/2021,0.06
Chile,CHL,11/01/2021,0.06
Chile,CHL,12/01/2021,0.06
Chile,CHL,13/01/2021,0.06
Chile,CHL,14/01/2021,0.1
Chile,CHL,15/01/2021,0.12
Chile,CHL,16/01/2021,0.12
Chile,CHL,17/01/2021,0.12
Chile,CHL,18/01/2021,0.17
Chile,CHL,19/01/2021,0.27
Chile,CHL,20/01/2021,0.32
Chile,CHL,21/01/2021,0.34
Chile,CHL,22/01/2021,0.34
Chile,CHL,23/01/2021,0.34
Chile,CHL,24/01/2021,0.34
Chile,CHL,25/01/2021,0.35
Chile,CHL,26/01/2021,0.35
Chile,CHL,27/01/2021,0.35
Chile,CHL,28/01/2021,0.35
Chile,CHL,29/01/2021,0.35
Chile,CHL,30/01/2021,0.35
Chile,CHL,31/01/2021,0.35
Chile,CHL,01/02/2021,0.35
Chile,CHL,02/02/2021,0.42
Chile,CHL,03/02/2021,1.31
Chile,CHL,04/02/2021,2.23
Chile,CHL,05/02/2021,3.11
Chile,CHL,06/02/2021,3.25
Chile,CHL,07/02/2021,3.3
Chile,CHL,08/02/2021,4.51
Chile,CHL,09/02/2021,5.87
Chile,CHL,10/02/2021,7.32
Chile,CHL,11/02/2021,8.63
Chile,CHL,12/02/2021,9.82
Chile,CHL,13/02/2021,9.98
Chile,CHL,14/02/2021,10
Chile,CHL,15/02/2021,11.37
Chile,CHL,16/02/2021,12.43
China,CHN,15/12/2020,0.1
China,CHN,31/12/2020,0.31
China,CHN,09/01/2021,0.63
China,CHN,13/01/2021,0.69
China,CHN,20/01/2021,1.04
China,CHN,27/01/2021,1.58
China,CHN,31/01/2021,1.67
China,CHN,03/02/2021,2.17
China,CHN,09/02/2021,2.82
Colombia,COL,16/02/2021,0
Colombia,COL,17/02/2021,0
Colombia,COL,18/02/2021,0.02
Costa Rica,CRI,24/12/2020,0
Costa Rica,CRI,03/01/2021,0.05
Costa Rica,CRI,08/01/2021,0.19
Costa Rica,CRI,15/01/2021,0.49
Costa Rica,CRI,18/01/2021,0.58
Costa Rica,CRI,25/01/2021,0.94
Costa Rica,CRI,01/02/2021,1.13
Costa Rica,CRI,08/02/2021,1.47
Costa Rica,CRI,15/02/2021,1.9
Croatia,HRV,30/12/2020,0.19
Croatia,HRV,03/01/2021,0.3
Croatia,HRV,05/01/2021,0.34
Croatia,HRV,07/01/2021,0.5
Croatia,HRV,08/01/2021,0.61
Croatia,HRV,09/01/2021,0.73
Croatia,HRV,13/01/2021,0.84
Croatia,HRV,14/01/2021,0.93
Croatia,HRV,15/01/2021,1.01
Croatia,HRV,16/01/2021,1.12
Croatia,HRV,19/01/2021,1.32
Croatia,HRV,22/01/2021,1.58
Croatia,HRV,25/01/2021,1.7
Croatia,HRV,29/01/2021,1.95
Croatia,HRV,01/02/2021,2.04
Croatia,HRV,03/02/2021,2.14
Croatia,HRV,04/02/2021,2.33
Croatia,HRV,09/02/2021,2.49
Croatia,HRV,11/02/2021,2.75
Croatia,HRV,15/02/2021,2.94
Cyprus,CYP,06/01/2021,0.45
Cyprus,CYP,10/01/2021,0.69
Cyprus,CYP,16/01/2021,1.17
Cyprus,CYP,23/01/2021,2.03
Cyprus,CYP,30/01/2021,2.91
Cyprus,CYP,06/02/2021,3.75
Cyprus,CYP,13/02/2021,5.07
Czechia,CZE,27/12/2020,0.01
Czechia,CZE,28/12/2020,0.03
Czechia,CZE,29/12/2020,0.07
Czechia,CZE,30/12/2020,0.1
Czechia,CZE,31/12/2020,0.11
Czechia,CZE,01/01/2021,0.11
Czechia,CZE,02/01/2021,0.12
Czechia,CZE,03/01/2021,0.13
Czechia,CZE,04/01/2021,0.17
Czechia,CZE,05/01/2021,0.21
Czechia,CZE,06/01/2021,0.26
Czechia,CZE,07/01/2021,0.34
Czechia,CZE,08/01/2021,0.43
Czechia,CZE,09/01/2021,0.45
Czechia,CZE,10/01/2021,0.46
Czechia,CZE,11/01/2021,0.56
Czechia,CZE,12/01/2021,0.68
Czechia,CZE,13/01/2021,0.81
Czechia,CZE,14/01/2021,0.95
Czechia,CZE,15/01/2021,1.08
Czechia,CZE,16/01/2021,1.11
Czechia,CZE,17/01/2021,1.14
Czechia,CZE,18/01/2021,1.27
Czechia,CZE,19/01/2021,1.41
Czechia,CZE,20/01/2021,1.56
Czechia,CZE,21/01/2021,1.72
Czechia,CZE,22/01/2021,1.86
Czechia,CZE,23/01/2021,1.9
Czechia,CZE,24/01/2021,1.93
Czechia,CZE,25/01/2021,2.05
Czechia,CZE,26/01/2021,2.18
Czechia,CZE,27/01/2021,2.3
Czechia,CZE,28/01/2021,2.42
Czechia,CZE,29/01/2021,2.55
Czechia,CZE,30/01/2021,2.57
Czechia,CZE,31/01/2021,2.59
Czechia,CZE,01/02/2021,2.69
Czechia,CZE,02/02/2021,2.82
Czechia,CZE,03/02/2021,2.97
Czechia,CZE,04/02/2021,3.13
Czechia,CZE,05/02/2021,3.28
Czechia,CZE,06/02/2021,3.31
Czechia,CZE,07/02/2021,3.34
Czechia,CZE,08/02/2021,3.48
Czechia,CZE,09/02/2021,3.63
Czechia,CZE,10/02/2021,3.8
Czechia,CZE,11/02/2021,4
Czechia,CZE,12/02/2021,4.19
Czechia,CZE,13/02/2021,4.23
Czechia,CZE,14/02/2021,4.25
Czechia,CZE,15/02/2021,4.4
Czechia,CZE,16/02/2021,4.55
Czechia,CZE,17/02/2021,4.7
Czechia,CZE,18/02/2021,4.85
Denmark,DNK,27/12/2020,0.11
Denmark,DNK,28/12/2020,0.15
Denmark,DNK,29/12/2020,0.3
Denmark,DNK,30/12/2020,0.5
Denmark,DNK,31/12/2020,0.61
Denmark,DNK,01/01/2021,0.65
Denmark,DNK,02/01/2021,0.8
Denmark,DNK,03/01/2021,0.9
Denmark,DNK,04/01/2021,0.94
Denmark,DNK,05/01/2021,1.18
Denmark,DNK,06/01/2021,1.52
Denmark,DNK,07/01/2021,1.82
Denmark,DNK,08/01/2021,1.97
Denmark,DNK,09/01/2021,2
Denmark,DNK,10/01/2021,2.02
Denmark,DNK,11/01/2021,2.03
Denmark,DNK,12/01/2021,2.03
Denmark,DNK,13/01/2021,2.25
Denmark,DNK,14/01/2021,2.56
Denmark,DNK,15/01/2021,2.83
Denmark,DNK,16/01/2021,2.91
Denmark,DNK,17/01/2021,2.96
Denmark,DNK,18/01/2021,3.07
Denmark,DNK,19/01/2021,3.15
Denmark,DNK,20/01/2021,3.21
Denmark,DNK,21/01/2021,3.27
Denmark,DNK,22/01/2021,3.38
Denmark,DNK,23/01/2021,3.52
Denmark,DNK,24/01/2021,3.64
Denmark,DNK,25/01/2021,3.69
Denmark,DNK,26/01/2021,3.72
Denmark,DNK,27/01/2021,3.8
Denmark,DNK,28/01/2021,3.95
Denmark,DNK,29/01/2021,4.28
Denmark,DNK,30/01/2021,4.53
Denmark,DNK,31/01/2021,4.76
Denmark,DNK,01/02/2021,4.91
Denmark,DNK,02/02/2021,5
Denmark,DNK,03/02/2021,5.14
Denmark,DNK,04/02/2021,5.35
Denmark,DNK,05/02/2021,5.61
Denmark,DNK,06/02/2021,5.74
Denmark,DNK,07/02/2021,5.84
Denmark,DNK,08/02/2021,6
Denmark,DNK,09/02/2021,6.15
Denmark,DNK,10/02/2021,6.27
Denmark,DNK,11/02/2021,6.41
Denmark,DNK,12/02/2021,6.75
Denmark,DNK,13/02/2021,6.88
Denmark,DNK,14/02/2021,7
Denmark,DNK,15/02/2021,7.29
Denmark,DNK,16/02/2021,7.54
Denmark,DNK,17/02/2021,7.72
Dominican Republic,DOM,16/02/2021,0
Dominican Republic,DOM,17/02/2021,0
Ecuador,ECU,21/01/2021,0
Ecuador,ECU,22/01/2021,0
Ecuador,ECU,27/01/2021,0.02
Ecuador,ECU,04/02/2021,0.04
Ecuador,ECU,17/02/2021,0.05
Egypt,EGY,24/01/2021,0
Egypt,EGY,30/01/2021,0
England,,13/12/2020,0.1
England,,20/12/2020,1.02
England,,27/12/2020,1.5
England,,03/01/2021,2.12
England,,10/01/2021,4.15
England,,11/01/2021,4.4
England,,12/01/2021,4.73
England,,13/01/2021,5.17
England,,14/01/2021,5.67
England,,15/01/2021,6.24
England,,16/01/2021,6.74
England,,17/01/2021,7.01
England,,18/01/2021,7.32
England,,19/01/2021,7.85
England,,20/01/2021,8.42
England,,21/01/2021,9.06
England,,22/01/2021,9.82
England,,23/01/2021,10.61
England,,24/01/2021,10.96
England,,25/01/2021,11.38
England,,26/01/2021,11.84
England,,27/01/2021,12.29
England,,28/01/2021,12.9
England,,29/01/2021,13.68
England,,30/01/2021,14.66
England,,31/01/2021,15.18
England,,01/02/2021,15.68
England,,02/02/2021,16.21
England,,03/02/2021,16.89
England,,04/02/2021,17.59
England,,05/02/2021,18.3
England,,06/02/2021,19.12
England,,07/02/2021,19.53
England,,08/02/2021,19.98
England,,09/02/2021,20.54
England,,10/02/2021,21.14
England,,11/02/2021,21.84
England,,12/02/2021,22.62
England,,13/02/2021,23.39
England,,14/02/2021,23.72
England,,15/02/2021,24.12
England,,16/02/2021,24.68
England,,17/02/2021,25.44
Estonia,EST,28/12/2020,0.02
Estonia,EST,29/12/2020,0.04
Estonia,EST,30/12/2020,0.07
Estonia,EST,31/12/2020,0.14
Estonia,EST,01/01/2021,0.19
Estonia,EST,03/01/2021,0.19
Estonia,EST,04/01/2021,0.19
Estonia,EST,05/01/2021,0.24
Estonia,EST,06/01/2021,0.38
Estonia,EST,07/01/2021,0.5
Estonia,EST,08/01/2021,0.6
Estonia,EST,09/01/2021,0.77
Estonia,EST,10/01/2021,0.81
Estonia,EST,11/01/2021,0.83
Estonia,EST,12/01/2021,0.9
Estonia,EST,13/01/2021,1.02
Estonia,EST,14/01/2021,1.12
Estonia,EST,15/01/2021,1.26
Estonia,EST,16/01/2021,1.35
Estonia,EST,17/01/2021,1.37
Estonia,EST,18/01/2021,1.38
Estonia,EST,19/01/2021,1.46
Estonia,EST,20/01/2021,1.54
Estonia,EST,21/01/2021,1.66
Estonia,EST,22/01/2021,1.82
Estonia,EST,23/01/2021,1.94
Estonia,EST,24/01/2021,1.96
Estonia,EST,25/01/2021,1.97
Estonia,EST,26/01/2021,2.05
Estonia,EST,27/01/2021,2.23
Estonia,EST,28/01/2021,2.38
Estonia,EST,29/01/2021,2.56
Estonia,EST,30/01/2021,2.81
Estonia,EST,31/01/2021,2.87
Estonia,EST,01/02/2021,2.91
Estonia,EST,02/02/2021,3.03
Estonia,EST,03/02/2021,3.24
Estonia,EST,04/02/2021,3.48
Estonia,EST,05/02/2021,3.75
Estonia,EST,06/02/2021,3.99
Estonia,EST,07/02/2021,4.03
Estonia,EST,08/02/2021,4.03
Estonia,EST,10/02/2021,4.39
Estonia,EST,11/02/2021,4.66
Estonia,EST,12/02/2021,4.96
Estonia,EST,13/02/2021,5.14
Estonia,EST,14/02/2021,5.16
Estonia,EST,15/02/2021,5.16
Estonia,EST,16/02/2021,5.23
Estonia,EST,17/02/2021,5.41
Estonia,EST,18/02/2021,5.73
European Union,,27/12/2020,0.01
European Union,,28/12/2020,0.02
European Union,,29/12/2020,0.04
European Union,,30/12/2020,0.07
European Union,,31/12/2020,0.09
European Union,,01/01/2021,0.1
European Union,,02/01/2021,0.12
European Union,,03/01/2021,0.15
European Union,,04/01/2021,0.21
European Union,,05/01/2021,0.27
European Union,,06/01/2021,0.33
European Union,,07/01/2021,0.42
European Union,,08/01/2021,0.51
European Union,,09/01/2021,0.55
European Union,,10/01/2021,0.6
European Union,,11/01/2021,0.69
European Union,,12/01/2021,0.79
European Union,,13/01/2021,0.92
European Union,,14/01/2021,1.04
European Union,,15/01/2021,1.16
European Union,,16/01/2021,1.21
European Union,,17/01/2021,1.27
European Union,,18/01/2021,1.38
European Union,,19/01/2021,1.48
European Union,,20/01/2021,1.62
European Union,,21/01/2021,1.75
European Union,,22/01/2021,1.89
European Union,,23/01/2021,1.96
European Union,,24/01/2021,2.04
European Union,,25/01/2021,2.16
European Union,,26/01/2021,2.3
European Union,,27/01/2021,2.44
European Union,,28/01/2021,2.59
European Union,,29/01/2021,2.72
European Union,,30/01/2021,2.8
European Union,,31/01/2021,2.91
European Union,,01/02/2021,3.05
European Union,,02/02/2021,3.2
European Union,,03/02/2021,3.38
European Union,,04/02/2021,3.57
European Union,,05/02/2021,3.71
European Union,,06/02/2021,3.8
European Union,,07/02/2021,3.9
European Union,,08/02/2021,4
European Union,,09/02/2021,4.16
European Union,,10/02/2021,4.31
European Union,,11/02/2021,4.53
European Union,,12/02/2021,4.71
European Union,,13/02/2021,4.81
European Union,,14/02/2021,4.9
European Union,,15/02/2021,5.04
European Union,,16/02/2021,5.2
European Union,,17/02/2021,5.4
European Union,,18/02/2021,5.55
Faeroe Islands,FRO,29/01/2021,8.17
Faeroe Islands,FRO,06/02/2021,9.53
Faeroe Islands,FRO,08/02/2021,9.79
Faeroe Islands,FRO,10/02/2021,10.96
Finland,FIN,31/12/2020,0.03
Finland,FIN,04/01/2021,0.07
Finland,FIN,05/01/2021,0.1
Finland,FIN,07/01/2021,0.15
Finland,FIN,08/01/2021,0.2
Finland,FIN,11/01/2021,0.26
Finland,FIN,12/01/2021,0.32
Finland,FIN,13/01/2021,0.42
Finland,FIN,14/01/2021,0.6
Finland,FIN,15/01/2021,0.78
Finland,FIN,18/01/2021,0.98
Finland,FIN,19/01/2021,1.01
Finland,FIN,20/01/2021,1.12
Finland,FIN,21/01/2021,1.41
Finland,FIN,22/01/2021,1.65
Finland,FIN,25/01/2021,2
Finland,FIN,26/01/2021,2.11
Finland,FIN,27/01/2021,2.29
Finland,FIN,28/01/2021,2.5
Finland,FIN,29/01/2021,2.74
Finland,FIN,30/01/2021,2.93
Finland,FIN,01/02/2021,2.96
Finland,FIN,02/02/2021,2.96
Finland,FIN,03/02/2021,3.13
Finland,FIN,04/02/2021,3.5
Finland,FIN,05/02/2021,3.74
Finland,FIN,06/02/2021,3.93
Finland,FIN,07/02/2021,3.97
Finland,FIN,08/02/2021,3.98
Finland,FIN,09/02/2021,4.1
Finland,FIN,10/02/2021,4.22
Finland,FIN,11/02/2021,4.47
Finland,FIN,12/02/2021,4.72
Finland,FIN,13/02/2021,4.93
Finland,FIN,14/02/2021,4.99
Finland,FIN,15/02/2021,5
Finland,FIN,16/02/2021,5.12
Finland,FIN,17/02/2021,5.38
Finland,FIN,18/02/2021,5.67
France,FRA,27/12/2020,0
France,FRA,28/12/2020,0
France,FRA,29/12/2020,0
France,FRA,30/12/2020,0
France,FRA,31/12/2020,0
France,FRA,01/01/2021,0
France,FRA,02/01/2021,0
France,FRA,03/01/2021,0
France,FRA,04/01/2021,0
France,FRA,05/01/2021,0.01
France,FRA,06/01/2021,0.03
France,FRA,07/01/2021,0.06
France,FRA,08/01/2021,0.11
France,FRA,09/01/2021,0.13
France,FRA,10/01/2021,0.14
France,FRA,11/01/2021,0.18
France,FRA,12/01/2021,0.26
France,FRA,13/01/2021,0.35
France,FRA,14/01/2021,0.45
France,FRA,15/01/2021,0.54
France,FRA,16/01/2021,0.56
France,FRA,17/01/2021,0.58
France,FRA,18/01/2021,0.69
France,FRA,19/01/2021,0.86
France,FRA,20/01/2021,1.05
France,FRA,21/01/2021,1.25
France,FRA,22/01/2021,1.41
France,FRA,23/01/2021,1.47
France,FRA,24/01/2021,1.48
France,FRA,25/01/2021,1.58
France,FRA,26/01/2021,1.73
France,FRA,27/01/2021,1.88
France,FRA,28/01/2021,2.06
France,FRA,29/01/2021,2.2
France,FRA,30/01/2021,2.25
France,FRA,31/01/2021,2.26
France,FRA,01/02/2021,2.37
France,FRA,02/02/2021,2.53
France,FRA,03/02/2021,2.69
France,FRA,04/02/2021,2.89
France,FRA,05/02/2021,3.06
France,FRA,06/02/2021,3.11
France,FRA,07/02/2021,3.13
France,FRA,08/02/2021,3.27
France,FRA,09/02/2021,3.47
France,FRA,10/02/2021,3.69
France,FRA,11/02/2021,3.96
France,FRA,12/02/2021,4.19
France,FRA,13/02/2021,4.25
France,FRA,14/02/2021,4.27
France,FRA,15/02/2021,4.44
France,FRA,16/02/2021,4.68
France,FRA,17/02/2021,4.91
Germany,DEU,27/12/2020,0.03
Germany,DEU,28/12/2020,0.05
Germany,DEU,29/12/2020,0.1
Germany,DEU,30/12/2020,0.17
Germany,DEU,31/12/2020,0.22
Germany,DEU,01/01/2021,0.25
Germany,DEU,02/01/2021,0.31
Germany,DEU,03/01/2021,0.34
Germany,DEU,04/01/2021,0.4
Germany,DEU,05/01/2021,0.46
Germany,DEU,06/01/2021,0.53
Germany,DEU,07/01/2021,0.6
Germany,DEU,08/01/2021,0.67
Germany,DEU,09/01/2021,0.74
Germany,DEU,10/01/2021,0.78
Germany,DEU,11/01/2021,0.86
Germany,DEU,12/01/2021,0.95
Germany,DEU,13/01/2021,1.07
Germany,DEU,14/01/2021,1.19
Germany,DEU,15/01/2021,1.3
Germany,DEU,16/01/2021,1.37
Germany,DEU,17/01/2021,1.42
Germany,DEU,18/01/2021,1.51
Germany,DEU,19/01/2021,1.62
Germany,DEU,20/01/2021,1.78
Germany,DEU,21/01/2021,1.89
Germany,DEU,22/01/2021,2.03
Germany,DEU,23/01/2021,2.14
Germany,DEU,24/01/2021,2.21
Germany,DEU,25/01/2021,2.33
Germany,DEU,26/01/2021,2.45
Germany,DEU,27/01/2021,2.59
Germany,DEU,28/01/2021,2.71
Germany,DEU,29/01/2021,2.84
Germany,DEU,30/01/2021,2.94
Germany,DEU,31/01/2021,3.01
Germany,DEU,01/02/2021,3.15
Germany,DEU,02/02/2021,3.3
Germany,DEU,03/02/2021,3.46
Germany,DEU,04/02/2021,3.62
Germany,DEU,05/02/2021,3.78
Germany,DEU,06/02/2021,3.9
Germany,DEU,07/02/2021,3.97
Germany,DEU,08/02/2021,4.09
Germany,DEU,09/02/2021,4.25
Germany,DEU,10/02/2021,4.42
Germany,DEU,11/02/2021,4.59
Germany,DEU,12/02/2021,4.78
Germany,DEU,13/02/2021,4.91
Germany,DEU,14/02/2021,4.99
Germany,DEU,15/02/2021,5.14
Germany,DEU,16/02/2021,5.3
Germany,DEU,17/02/2021,5.47
Germany,DEU,18/02/2021,5.63
Gibraltar,GIB,10/01/2021,1.25
Gibraltar,GIB,11/01/2021,4.29
Gibraltar,GIB,12/01/2021,7.42
Gibraltar,GIB,15/01/2021,15.24
Gibraltar,GIB,16/01/2021,17.35
Gibraltar,GIB,17/01/2021,17.35
Gibraltar,GIB,18/01/2021,19.1
Gibraltar,GIB,19/01/2021,20.83
Gibraltar,GIB,20/01/2021,20.83
Gibraltar,GIB,21/01/2021,23.59
Gibraltar,GIB,22/01/2021,26.35
Gibraltar,GIB,23/01/2021,29.11
Gibraltar,GIB,24/01/2021,30.69
Gibraltar,GIB,25/01/2021,31.28
Gibraltar,GIB,26/01/2021,32.87
Gibraltar,GIB,27/01/2021,34.45
Gibraltar,GIB,28/01/2021,36.6
Gibraltar,GIB,29/01/2021,38.19
Gibraltar,GIB,30/01/2021,38.19
Gibraltar,GIB,31/01/2021,39.43
Gibraltar,GIB,01/02/2021,42.44
Gibraltar,GIB,02/02/2021,45.68
Gibraltar,GIB,03/02/2021,48.02
Gibraltar,GIB,04/02/2021,51.02
Gibraltar,GIB,05/02/2021,54.24
Gibraltar,GIB,06/02/2021,56.61
Gibraltar,GIB,07/02/2021,56.61
Gibraltar,GIB,08/02/2021,59.49
Gibraltar,GIB,09/02/2021,62.39
Gibraltar,GIB,10/02/2021,65.3
Gibraltar,GIB,11/02/2021,68.57
Gibraltar,GIB,12/02/2021,71.81
Gibraltar,GIB,13/02/2021,75.06
Gibraltar,GIB,14/02/2021,77
Gibraltar,GIB,15/02/2021,78.3
Gibraltar,GIB,16/02/2021,80.24
Gibraltar,GIB,17/02/2021,82.18
Greece,GRC,28/12/2020,0
Greece,GRC,29/12/2020,0.01
Greece,GRC,30/12/2020,0.02
Greece,GRC,31/12/2020,0.02
Greece,GRC,01/01/2021,0.02
Greece,GRC,02/01/2021,0.03
Greece,GRC,03/01/2021,0.04
Greece,GRC,04/01/2021,0.1
Greece,GRC,05/01/2021,0.16
Greece,GRC,06/01/2021,0.2
Greece,GRC,07/01/2021,0.25
Greece,GRC,08/01/2021,0.34
Greece,GRC,09/01/2021,0.39
Greece,GRC,10/01/2021,0.43
Greece,GRC,11/01/2021,0.48
Greece,GRC,12/01/2021,0.54
Greece,GRC,13/01/2021,0.62
Greece,GRC,14/01/2021,0.68
Greece,GRC,15/01/2021,0.72
Greece,GRC,16/01/2021,0.77
Greece,GRC,18/01/2021,0.82
Greece,GRC,19/01/2021,0.91
Greece,GRC,20/01/2021,1.05
Greece,GRC,21/01/2021,1.21
Greece,GRC,22/01/2021,1.38
Greece,GRC,23/01/2021,1.54
Greece,GRC,25/01/2021,1.73
Greece,GRC,26/01/2021,1.9
Greece,GRC,27/01/2021,2.07
Greece,GRC,28/01/2021,2.25
Greece,GRC,29/01/2021,2.43
Greece,GRC,30/01/2021,2.6
Greece,GRC,01/02/2021,2.82
Greece,GRC,02/02/2021,3.03
Greece,GRC,03/02/2021,3.24
Greece,GRC,04/02/2021,3.45
Greece,GRC,05/02/2021,3.65
Greece,GRC,06/02/2021,3.82
Greece,GRC,08/02/2021,4.01
Greece,GRC,09/02/2021,4.2
Greece,GRC,10/02/2021,4.41
Greece,GRC,11/02/2021,4.63
Greece,GRC,12/02/2021,4.85
Greece,GRC,13/02/2021,5.05
Greece,GRC,15/02/2021,5.32
Greece,GRC,16/02/2021,5.52
Greece,GRC,17/02/2021,5.79
Greece,GRC,18/02/2021,6.08
Greenland,GRL,27/01/2021,4.55
Guernsey,GGY,24/01/2021,9.95
Guernsey,GGY,06/02/2021,14.83
Guernsey,GGY,18/02/2021,22.57
Guyana,GUY,11/02/2021,0
Guyana,GUY,15/02/2021,0.08
Hungary,HUN,28/12/2020,0.01
Hungary,HUN,29/12/2020,0.03
Hungary,HUN,30/12/2020,0.04
Hungary,HUN,31/12/2020,0.05
Hungary,HUN,03/01/2021,0.12
Hungary,HUN,04/01/2021,0.16
Hungary,HUN,05/01/2021,0.22
Hungary,HUN,06/01/2021,0.33
Hungary,HUN,07/01/2021,0.44
Hungary,HUN,10/01/2021,0.73
Hungary,HUN,11/01/2021,0.81
Hungary,HUN,12/01/2021,0.9
Hungary,HUN,13/01/2021,0.99
Hungary,HUN,14/01/2021,1.09
Hungary,HUN,15/01/2021,1.17
Hungary,HUN,16/01/2021,1.24
Hungary,HUN,17/01/2021,1.28
Hungary,HUN,18/01/2021,1.36
Hungary,HUN,19/01/2021,1.38
Hungary,HUN,20/01/2021,1.43
Hungary,HUN,21/01/2021,1.5
Hungary,HUN,22/01/2021,1.55
Hungary,HUN,23/01/2021,1.59
Hungary,HUN,24/01/2021,1.62
Hungary,HUN,25/01/2021,1.68
Hungary,HUN,26/01/2021,1.76
Hungary,HUN,27/01/2021,1.94
Hungary,HUN,28/01/2021,2.2
Hungary,HUN,29/01/2021,2.57
Hungary,HUN,30/01/2021,2.89
Hungary,HUN,31/01/2021,3.1
Hungary,HUN,01/02/2021,3.23
Hungary,HUN,02/02/2021,3.34
Hungary,HUN,03/02/2021,3.46
Hungary,HUN,04/02/2021,3.7
Hungary,HUN,05/02/2021,3.94
Hungary,HUN,06/02/2021,4.05
Hungary,HUN,07/02/2021,4.11
Hungary,HUN,08/02/2021,4.16
Hungary,HUN,09/02/2021,4.2
Hungary,HUN,10/02/2021,4.26
Hungary,HUN,11/02/2021,4.46
Hungary,HUN,12/02/2021,4.71
Hungary,HUN,13/02/2021,4.8
Hungary,HUN,14/02/2021,4.82
Hungary,HUN,15/02/2021,4.9
Hungary,HUN,16/02/2021,5.01
Hungary,HUN,17/02/2021,5.24
Iceland,ISL,30/12/2020,1.43
Iceland,ISL,20/01/2021,1.82
Iceland,ISL,25/01/2021,4.46
Iceland,ISL,27/01/2021,4.55
Iceland,ISL,03/02/2021,4.97
Iceland,ISL,05/02/2021,5.13
Iceland,ISL,08/02/2021,5.17
Iceland,ISL,12/02/2021,5.75
Iceland,ISL,15/02/2021,5.82
Iceland,ISL,16/02/2021,5.87
Iceland,ISL,17/02/2021,6.32
Iceland,ISL,18/02/2021,7.28
India,IND,15/01/2021,0
India,IND,16/01/2021,0.01
India,IND,17/01/2021,0.02
India,IND,18/01/2021,0.03
India,IND,19/01/2021,0.05
India,IND,20/01/2021,0.06
India,IND,21/01/2021,0.08
India,IND,22/01/2021,0.1
India,IND,23/01/2021,0.11
India,IND,24/01/2021,0.12
India,IND,25/01/2021,0.15
India,IND,26/01/2021,0.15
India,IND,27/01/2021,0.17
India,IND,28/01/2021,0.21
India,IND,29/01/2021,0.25
India,IND,30/01/2021,0.27
India,IND,31/01/2021,0.27
India,IND,01/02/2021,0.29
India,IND,02/02/2021,0.3
India,IND,03/02/2021,0.32
India,IND,04/02/2021,0.36
India,IND,05/02/2021,0.39
India,IND,06/02/2021,0.42
India,IND,07/02/2021,0.42
India,IND,08/02/2021,0.45
India,IND,09/02/2021,0.48
India,IND,10/02/2021,0.51
India,IND,11/02/2021,0.54
India,IND,12/02/2021,0.58
India,IND,13/02/2021,0.6
India,IND,14/02/2021,0.6
India,IND,15/02/2021,0.63
India,IND,16/02/2021,0.65
India,IND,17/02/2021,0.68
India,IND,18/02/2021,0.74
Indonesia,IDN,12/01/2021,0
Indonesia,IDN,22/01/2021,0.05
Indonesia,IDN,24/01/2021,0.05
Indonesia,IDN,25/01/2021,0.06
Indonesia,IDN,26/01/2021,0.09
Indonesia,IDN,27/01/2021,0.11
Indonesia,IDN,28/01/2021,0.14
Indonesia,IDN,29/01/2021,0.15
Indonesia,IDN,30/01/2021,0.18
Indonesia,IDN,31/01/2021,0.19
Indonesia,IDN,01/02/2021,0.21
Indonesia,IDN,02/02/2021,0.24
Indonesia,IDN,03/02/2021,0.26
Indonesia,IDN,04/02/2021,0.29
Indonesia,IDN,05/02/2021,0.32
Indonesia,IDN,06/02/2021,0.33
Indonesia,IDN,07/02/2021,0.34
Indonesia,IDN,08/02/2021,0.36
Indonesia,IDN,09/02/2021,0.39
Indonesia,IDN,10/02/2021,0.46
Indonesia,IDN,11/02/2021,0.5
Indonesia,IDN,13/02/2021,0.54
Indonesia,IDN,14/02/2021,0.55
Indonesia,IDN,15/02/2021,0.58
Indonesia,IDN,16/02/2021,0.61
Indonesia,IDN,17/02/2021,0.64
Indonesia,IDN,18/02/2021,0.65
Iran,IRN,08/02/2021,0
Iran,IRN,09/02/2021,0
Iran,IRN,17/02/2021,0.01
Ireland,IRL,31/12/2020,0.04
Ireland,IRL,04/01/2021,0.08
Ireland,IRL,07/01/2021,0.31
Ireland,IRL,10/01/2021,0.81
Ireland,IRL,13/01/2021,1.57
Ireland,IRL,17/01/2021,1.9
Ireland,IRL,20/01/2021,2.47
Ireland,IRL,24/01/2021,2.9
Ireland,IRL,27/01/2021,3.27
Ireland,IRL,31/01/2021,4.05
Ireland,IRL,05/02/2021,4.67
Ireland,IRL,07/02/2021,4.87
Ireland,IRL,08/02/2021,4.93
Ireland,IRL,09/02/2021,5.03
Ireland,IRL,10/02/2021,5.2
Ireland,IRL,11/02/2021,5.29
Ireland,IRL,12/02/2021,5.37
Ireland,IRL,13/02/2021,5.44
Ireland,IRL,14/02/2021,5.51
Ireland,IRL,15/02/2021,5.68
Isle of Man,IMN,21/01/2021,4.18
Isle of Man,IMN,22/01/2021,4.29
Isle of Man,IMN,25/01/2021,4.95
Isle of Man,IMN,26/01/2021,5.75
Isle of Man,IMN,27/01/2021,6.57
Isle of Man,IMN,28/01/2021,7.39
Isle of Man,IMN,29/01/2021,8.07
Isle of Man,IMN,02/02/2021,9.76
Isle of Man,IMN,03/02/2021,11.25
Isle of Man,IMN,04/02/2021,12.01
Isle of Man,IMN,05/02/2021,12.02
Isle of Man,IMN,06/02/2021,12.76
Isle of Man,IMN,07/02/2021,13.23
Isle of Man,IMN,08/02/2021,13.71
Isle of Man,IMN,09/02/2021,14.14
Isle of Man,IMN,10/02/2021,14.63
Isle of Man,IMN,11/02/2021,15.07
Isle of Man,IMN,12/02/2021,15.07
Isle of Man,IMN,13/02/2021,15.87
Isle of Man,IMN,14/02/2021,16.15
Isle of Man,IMN,16/02/2021,16.78
Isle of Man,IMN,17/02/2021,17.41
Isle of Man,IMN,18/02/2021,17.99
Israel,ISR,19/12/2020,0
Israel,ISR,20/12/2020,0.09
Israel,ISR,21/12/2020,0.37
Israel,ISR,22/12/2020,0.89
Israel,ISR,23/12/2020,1.62
Israel,ISR,24/12/2020,2.46
Israel,ISR,25/12/2020,2.91
Israel,ISR,26/12/2020,3.29
Israel,ISR,27/12/2020,4.51
Israel,ISR,28/12/2020,6.07
Israel,ISR,29/12/2020,7.89
Israel,ISR,30/12/2020,9.67
Israel,ISR,31/12/2020,11.52
Israel,ISR,01/01/2021,12.35
Israel,ISR,02/01/2021,13.18
Israel,ISR,03/01/2021,14.93
Israel,ISR,04/01/2021,16.69
Israel,ISR,05/01/2021,18.16
Israel,ISR,06/01/2021,19.37
Israel,ISR,07/01/2021,20.72
Israel,ISR,08/01/2021,21.5
Israel,ISR,09/01/2021,22.02
Israel,ISR,10/01/2021,22.53
Israel,ISR,11/01/2021,23
Israel,ISR,12/01/2021,23.69
Israel,ISR,13/01/2021,24.95
Israel,ISR,14/01/2021,26.4
Israel,ISR,15/01/2021,27.17
Israel,ISR,16/01/2021,27.82
Israel,ISR,17/01/2021,29.58
Israel,ISR,18/01/2021,31.77
Israel,ISR,19/01/2021,34.2
Israel,ISR,20/01/2021,36.73
Israel,ISR,21/01/2021,39.43
Israel,ISR,22/01/2021,40.68
Israel,ISR,23/01/2021,41.75
Israel,ISR,24/01/2021,44.17
Israel,ISR,25/01/2021,46.7
Israel,ISR,26/01/2021,49.06
Israel,ISR,27/01/2021,51.39
Israel,ISR,28/01/2021,53.81
Israel,ISR,29/01/2021,54.98
Israel,ISR,30/01/2021,55.86
Israel,ISR,31/01/2021,57.39
Israel,ISR,01/02/2021,58.74
Israel,ISR,02/02/2021,59.9
Israel,ISR,03/02/2021,61.18
Israel,ISR,04/02/2021,62.68
Israel,ISR,05/02/2021,63.4
Israel,ISR,06/02/2021,63.9
Israel,ISR,07/02/2021,65.31
Israel,ISR,08/02/2021,66.73
Israel,ISR,09/02/2021,68.27
Israel,ISR,10/02/2021,69.91
Israel,ISR,11/02/2021,71.66
Israel,ISR,12/02/2021,72.53
Israel,ISR,13/02/2021,73.2
Israel,ISR,14/02/2021,74.85
Israel,ISR,15/02/2021,76.66
Israel,ISR,16/02/2021,78.5
Israel,ISR,17/02/2021,80.07
Israel,ISR,18/02/2021,81.78
Italy,ITA,27/12/2020,0.01
Italy,ITA,28/12/2020,0.01
Italy,ITA,29/12/2020,0.01
Italy,ITA,30/12/2020,0.02
Italy,ITA,31/12/2020,0.06
Italy,ITA,01/01/2021,0.08
Italy,ITA,02/01/2021,0.15
Italy,ITA,03/01/2021,0.2
Italy,ITA,04/01/2021,0.32
Italy,ITA,05/01/2021,0.45
Italy,ITA,06/01/2021,0.56
Italy,ITA,07/01/2021,0.71
Italy,ITA,08/01/2021,0.87
Italy,ITA,09/01/2021,1.01
Italy,ITA,10/01/2021,1.11
Italy,ITA,11/01/2021,1.24
Italy,ITA,12/01/2021,1.38
Italy,ITA,13/01/2021,1.53
Italy,ITA,14/01/2021,1.68
Italy,ITA,15/01/2021,1.83
Italy,ITA,16/01/2021,1.93
Italy,ITA,17/01/2021,1.99
Italy,ITA,18/01/2021,2.06
Italy,ITA,19/01/2021,2.12
Italy,ITA,20/01/2021,2.17
Italy,ITA,21/01/2021,2.22
Italy,ITA,22/01/2021,2.27
Italy,ITA,23/01/2021,2.33
Italy,ITA,24/01/2021,2.38
Italy,ITA,25/01/2021,2.5
Italy,ITA,26/01/2021,2.63
Italy,ITA,27/01/2021,2.74
Italy,ITA,28/01/2021,2.9
Italy,ITA,29/01/2021,3.06
Italy,ITA,30/01/2021,3.21
Italy,ITA,31/01/2021,3.3
Italy,ITA,01/02/2021,3.44
Italy,ITA,02/02/2021,3.59
Italy,ITA,03/02/2021,3.75
Italy,ITA,04/02/2021,3.92
Italy,ITA,05/02/2021,4.09
Italy,ITA,06/02/2021,4.22
Italy,ITA,07/02/2021,4.28
Italy,ITA,08/02/2021,4.39
Italy,ITA,09/02/2021,4.5
Italy,ITA,10/02/2021,4.62
Italy,ITA,11/02/2021,4.73
Italy,ITA,12/02/2021,4.85
Italy,ITA,13/02/2021,4.94
Italy,ITA,14/02/2021,4.98
Italy,ITA,15/02/2021,5.08
Italy,ITA,16/02/2021,5.2
Italy,ITA,17/02/2021,5.32
Italy,ITA,18/02/2021,5.46
Japan,JPN,17/02/2021,0
Japan,JPN,18/02/2021,0
Jersey,JEY,24/01/2021,11.26
Jersey,JEY,31/01/2021,14.68
Jersey,JEY,07/02/2021,20.78
Jersey,JEY,14/02/2021,25.68
Kuwait,KWT,28/12/2020,0.06
Kuwait,KWT,26/01/2021,0.82
Kuwait,KWT,15/02/2021,3.21
Latvia,LVA,18/01/2021,0.89
Latvia,LVA,19/01/2021,0.94
Latvia,LVA,20/01/2021,0.98
Latvia,LVA,21/01/2021,0.99
Latvia,LVA,22/01/2021,1
Latvia,LVA,25/01/2021,1.05
Latvia,LVA,26/01/2021,1.09
Latvia,LVA,27/01/2021,1.13
Latvia,LVA,28/01/2021,1.18
Latvia,LVA,29/01/2021,1.23
Latvia,LVA,30/01/2021,1.24
Latvia,LVA,01/02/2021,1.32
Latvia,LVA,02/02/2021,1.42
Latvia,LVA,03/02/2021,1.51
Latvia,LVA,04/02/2021,1.58
Latvia,LVA,05/02/2021,1.67
Latvia,LVA,06/02/2021,1.7
Latvia,LVA,07/02/2021,1.71
Latvia,LVA,08/02/2021,1.73
Latvia,LVA,09/02/2021,1.74
Latvia,LVA,10/02/2021,1.77
Latvia,LVA,11/02/2021,1.87
Latvia,LVA,12/02/2021,1.96
Latvia,LVA,13/02/2021,1.98
Latvia,LVA,14/02/2021,1.98
Latvia,LVA,15/02/2021,2.02
Latvia,LVA,16/02/2021,2.09
Latvia,LVA,17/02/2021,2.18
Latvia,LVA,18/02/2021,2.23
Liechtenstein,LIE,03/02/2021,2.18
Liechtenstein,LIE,10/02/2021,2.67
Liechtenstein,LIE,14/02/2021,3.05
Lithuania,LTU,27/12/2020,0.09
Lithuania,LTU,28/12/2020,0.19
Lithuania,LTU,29/12/2020,0.3
Lithuania,LTU,30/12/2020,0.36
Lithuania,LTU,31/12/2020,0.36
Lithuania,LTU,05/01/2021,0.38
Lithuania,LTU,06/01/2021,0.51
Lithuania,LTU,07/01/2021,0.66
Lithuania,LTU,08/01/2021,0.85
Lithuania,LTU,09/01/2021,0.86
Lithuania,LTU,10/01/2021,0.86
Lithuania,LTU,11/01/2021,0.94
Lithuania,LTU,12/01/2021,1.02
Lithuania,LTU,13/01/2021,1.25
Lithuania,LTU,14/01/2021,1.56
Lithuania,LTU,15/01/2021,1.83
Lithuania,LTU,16/01/2021,1.87
Lithuania,LTU,17/01/2021,1.91
Lithuania,LTU,18/01/2021,2.08
Lithuania,LTU,19/01/2021,2.31
Lithuania,LTU,20/01/2021,2.44
Lithuania,LTU,21/01/2021,2.49
Lithuania,LTU,22/01/2021,2.51
Lithuania,LTU,23/01/2021,2.51
Lithuania,LTU,25/01/2021,2.51
Lithuania,LTU,26/01/2021,2.62
Lithuania,LTU,27/01/2021,2.88
Lithuania,LTU,28/01/2021,3.14
Lithuania,LTU,29/01/2021,3.43
Lithuania,LTU,30/01/2021,3.46
Lithuania,LTU,31/01/2021,3.46
Lithuania,LTU,01/02/2021,3.56
Lithuania,LTU,02/02/2021,3.7
Lithuania,LTU,03/02/2021,3.95
Lithuania,LTU,04/02/2021,4.31
Lithuania,LTU,05/02/2021,4.57
Lithuania,LTU,06/02/2021,4.6
Lithuania,LTU,07/02/2021,4.6
Lithuania,LTU,08/02/2021,4.7
Lithuania,LTU,09/02/2021,4.8
Lithuania,LTU,10/02/2021,5.03
Lithuania,LTU,11/02/2021,5.36
Lithuania,LTU,12/02/2021,5.62
Lithuania,LTU,13/02/2021,5.64
Lithuania,LTU,15/02/2021,5.81
Lithuania,LTU,16/02/2021,5.83
Lithuania,LTU,17/02/2021,6.12
Lithuania,LTU,18/02/2021,6.48
Luxembourg,LUX,30/12/2020,0.19
Luxembourg,LUX,11/01/2021,0.31
Luxembourg,LUX,12/01/2021,0.38
Luxembourg,LUX,13/01/2021,0.46
Luxembourg,LUX,14/01/2021,0.52
Luxembourg,LUX,17/01/2021,0.6
Luxembourg,LUX,18/01/2021,0.73
Luxembourg,LUX,19/01/2021,0.85
Luxembourg,LUX,20/01/2021,0.99
Luxembourg,LUX,21/01/2021,1.1
Luxembourg,LUX,25/01/2021,1.37
Luxembourg,LUX,26/01/2021,1.52
Luxembourg,LUX,27/01/2021,1.67
Luxembourg,LUX,28/01/2021,1.82
Luxembourg,LUX,31/01/2021,1.99
Luxembourg,LUX,01/02/2021,2.12
Luxembourg,LUX,02/02/2021,2.28
Luxembourg,LUX,03/02/2021,2.46
Luxembourg,LUX,04/02/2021,2.62
Luxembourg,LUX,07/02/2021,2.82
Luxembourg,LUX,08/02/2021,2.9
Luxembourg,LUX,09/02/2021,2.98
Luxembourg,LUX,10/02/2021,3.18
Luxembourg,LUX,11/02/2021,3.42
Luxembourg,LUX,14/02/2021,3.66
Luxembourg,LUX,15/02/2021,3.84
Luxembourg,LUX,16/02/2021,4.14
Luxembourg,LUX,17/02/2021,4.33
Macao,MAC,08/02/2021,0
Macao,MAC,09/02/2021,0.09
Macao,MAC,18/02/2021,0.31
Maldives,MDV,02/02/2021,0.16
Maldives,MDV,03/02/2021,0.29
Maldives,MDV,04/02/2021,0.59
Maldives,MDV,05/02/2021,0.79
Maldives,MDV,06/02/2021,1.27
Maldives,MDV,07/02/2021,1.8
Maldives,MDV,08/02/2021,2.39
Maldives,MDV,09/02/2021,3.01
Maldives,MDV,10/02/2021,3.73
Maldives,MDV,11/02/2021,4.69
Maldives,MDV,12/02/2021,5.06
Maldives,MDV,13/02/2021,6.12
Maldives,MDV,14/02/2021,7.14
Maldives,MDV,15/02/2021,8.11
Maldives,MDV,16/02/2021,9.26
Malta,MLT,17/01/2021,2.65
Malta,MLT,18/01/2021,2.94
Malta,MLT,19/01/2021,3.23
Malta,MLT,20/01/2021,3.47
Malta,MLT,21/01/2021,3.74
Malta,MLT,22/01/2021,4.02
Malta,MLT,23/01/2021,4.29
Malta,MLT,24/01/2021,4.53
Malta,MLT,25/01/2021,4.8
Malta,MLT,26/01/2021,5.07
Malta,MLT,27/01/2021,5.33
Malta,MLT,28/01/2021,5.59
Malta,MLT,29/01/2021,5.85
Malta,MLT,30/01/2021,6.08
Malta,MLT,31/01/2021,6.29
Malta,MLT,01/02/2021,6.57
Malta,MLT,02/02/2021,6.85
Malta,MLT,03/02/2021,7.16
Malta,MLT,04/02/2021,7.58
Malta,MLT,05/02/2021,8.08
Malta,MLT,06/02/2021,8.51
Malta,MLT,07/02/2021,8.89
Malta,MLT,08/02/2021,9.35
Malta,MLT,09/02/2021,9.81
Malta,MLT,10/02/2021,10.1
Malta,MLT,11/02/2021,10.5
Malta,MLT,12/02/2021,10.98
Malta,MLT,13/02/2021,11.36
Malta,MLT,14/02/2021,11.7
Malta,MLT,15/02/2021,12.15
Malta,MLT,16/02/2021,12.62
Malta,MLT,17/02/2021,13.06
Mauritius,MUS,25/01/2021,0
Mauritius,MUS,01/02/2021,0.02
Mexico,MEX,24/12/2020,0
Mexico,MEX,27/12/2020,0.01
Mexico,MEX,28/12/2020,0.01
Mexico,MEX,29/12/2020,0.01
Mexico,MEX,30/12/2020,0.02
Mexico,MEX,04/01/2021,0.03
Mexico,MEX,05/01/2021,0.04
Mexico,MEX,06/01/2021,0.04
Mexico,MEX,07/01/2021,0.05
Mexico,MEX,08/01/2021,0.05
Mexico,MEX,09/01/2021,0.06
Mexico,MEX,10/01/2021,0.06
Mexico,MEX,11/01/2021,0.07
Mexico,MEX,12/01/2021,0.07
Mexico,MEX,13/01/2021,0.15
Mexico,MEX,14/01/2021,0.26
Mexico,MEX,15/01/2021,0.32
Mexico,MEX,16/01/2021,0.36
Mexico,MEX,17/01/2021,0.37
Mexico,MEX,18/01/2021,0.38
Mexico,MEX,19/01/2021,0.39
Mexico,MEX,20/01/2021,0.39
Mexico,MEX,21/01/2021,0.43
Mexico,MEX,22/01/2021,0.48
Mexico,MEX,23/01/2021,0.48
Mexico,MEX,24/01/2021,0.49
Mexico,MEX,25/01/2021,0.5
Mexico,MEX,26/01/2021,0.51
Mexico,MEX,27/01/2021,0.51
Mexico,MEX,28/01/2021,0.51
Mexico,MEX,29/01/2021,0.51
Mexico,MEX,30/01/2021,0.52
Mexico,MEX,31/01/2021,0.52
Mexico,MEX,01/02/2021,0.52
Mexico,MEX,02/02/2021,0.53
Mexico,MEX,03/02/2021,0.53
Mexico,MEX,04/02/2021,0.54
Mexico,MEX,05/02/2021,0.54
Mexico,MEX,06/02/2021,0.55
Mexico,MEX,07/02/2021,0.55
Mexico,MEX,08/02/2021,0.56
Mexico,MEX,09/02/2021,0.56
Mexico,MEX,10/02/2021,0.56
Mexico,MEX,11/02/2021,0.56
Mexico,MEX,12/02/2021,0.56
Mexico,MEX,13/02/2021,0.56
Mexico,MEX,15/02/2021,0.58
Mexico,MEX,16/02/2021,0.71
Mexico,MEX,17/02/2021,0.82
Mexico,MEX,18/02/2021,1.02
Monaco,MCO,30/12/2020,0
Monaco,MCO,18/01/2021,6.12
Morocco,MAR,28/01/2021,0
Morocco,MAR,30/01/2021,0.24
Morocco,MAR,31/01/2021,0.34
Morocco,MAR,01/02/2021,0.54
Morocco,MAR,02/02/2021,0.7
Morocco,MAR,03/02/2021,0.84
Morocco,MAR,04/02/2021,0.95
Morocco,MAR,05/02/2021,1.11
Morocco,MAR,06/02/2021,1.26
Morocco,MAR,08/02/2021,1.49
Morocco,MAR,09/02/2021,1.67
Morocco,MAR,10/02/2021,2.02
Morocco,MAR,11/02/2021,2.32
Morocco,MAR,12/02/2021,3.01
Morocco,MAR,13/02/2021,3.76
Morocco,MAR,15/02/2021,4.62
Morocco,MAR,16/02/2021,5.16
Morocco,MAR,17/02/2021,5.64
Morocco,MAR,18/02/2021,6.05
Myanmar,MMR,26/01/2021,0
Myanmar,MMR,27/01/2021,0.01
Myanmar,MMR,02/02/2021,0.19
Nepal,NPL,26/01/2021,0
Nepal,NPL,01/02/2021,0.39
Nepal,NPL,04/02/2021,0.54
Netherlands,NLD,06/01/2021,0.04
Netherlands,NLD,07/01/2021,0.09
Netherlands,NLD,08/01/2021,0.16
Netherlands,NLD,09/01/2021,0.18
Netherlands,NLD,10/01/2021,0.2
Netherlands,NLD,11/01/2021,0.21
Netherlands,NLD,12/01/2021,0.26
Netherlands,NLD,13/01/2021,0.27
Netherlands,NLD,15/01/2021,0.32
Netherlands,NLD,17/01/2021,0.45
Netherlands,NLD,20/01/2021,0.58
Netherlands,NLD,22/01/2021,0.79
Netherlands,NLD,24/01/2021,0.86
Netherlands,NLD,31/01/2021,1.03
Netherlands,NLD,01/02/2021,1.45
Netherlands,NLD,02/02/2021,1.62
Netherlands,NLD,03/02/2021,1.77
Netherlands,NLD,04/02/2021,1.93
Netherlands,NLD,05/02/2021,2.08
Netherlands,NLD,06/02/2021,2.24
Netherlands,NLD,07/02/2021,2.42
Netherlands,NLD,08/02/2021,2.42
Netherlands,NLD,09/02/2021,2.54
Netherlands,NLD,10/02/2021,2.69
Netherlands,NLD,11/02/2021,2.86
Netherlands,NLD,12/02/2021,3.03
Netherlands,NLD,13/02/2021,3.2
Netherlands,NLD,14/02/2021,3.37
Netherlands,NLD,15/02/2021,3.54
Netherlands,NLD,16/02/2021,3.64
Netherlands,NLD,17/02/2021,3.82
Netherlands,NLD,18/02/2021,4.01
Northern Cyprus,OWID_CYN,14/01/2021,0
Northern Cyprus,OWID_CYN,19/01/2021,1.3
Northern Cyprus,OWID_CYN,22/01/2021,2.88
Northern Ireland,,13/12/2020,0.19
Northern Ireland,,20/12/2020,0.85
Northern Ireland,,27/12/2020,1.64
Northern Ireland,,03/01/2021,2.22
Northern Ireland,,10/01/2021,4.86
Northern Ireland,,11/01/2021,5.25
Northern Ireland,,12/01/2021,5.77
Northern Ireland,,13/01/2021,6.43
Northern Ireland,,14/01/2021,7.07
Northern Ireland,,15/01/2021,7.25
Northern Ireland,,16/01/2021,7.42
Northern Ireland,,17/01/2021,7.75
Northern Ireland,,18/01/2021,8.16
Northern Ireland,,19/01/2021,8.47
Northern Ireland,,20/01/2021,8.79
Northern Ireland,,21/01/2021,9.16
Northern Ireland,,22/01/2021,9.35
Northern Ireland,,23/01/2021,9.42
Northern Ireland,,24/01/2021,9.63
Northern Ireland,,25/01/2021,9.83
Northern Ireland,,26/01/2021,10.09
Northern Ireland,,27/01/2021,10.52
Northern Ireland,,28/01/2021,11.63
Northern Ireland,,29/01/2021,12.05
Northern Ireland,,30/01/2021,12.62
Northern Ireland,,31/01/2021,13.01
Northern Ireland,,01/02/2021,13.64
Northern Ireland,,02/02/2021,14.35
Northern Ireland,,03/02/2021,15.28
Northern Ireland,,04/02/2021,15.91
Northern Ireland,,05/02/2021,16.71
Northern Ireland,,06/02/2021,17.06
Northern Ireland,,07/02/2021,17.48
Northern Ireland,,08/02/2021,18.23
Northern Ireland,,09/02/2021,19.09
Northern Ireland,,10/02/2021,20.17
Northern Ireland,,11/02/2021,21.23
Northern Ireland,,12/02/2021,22.01
Northern Ireland,,13/02/2021,22.18
Northern Ireland,,14/02/2021,22.51
Northern Ireland,,15/02/2021,23.17
Northern Ireland,,16/02/2021,23.64
Northern Ireland,,17/02/2021,24.16
Norway,NOR,27/12/2020,0
Norway,NOR,28/12/2020,0.01
Norway,NOR,29/12/2020,0.03
Norway,NOR,30/12/2020,0.04
Norway,NOR,31/12/2020,0.04
Norway,NOR,01/01/2021,0.04
Norway,NOR,02/01/2021,0.04
Norway,NOR,03/01/2021,0.04
Norway,NOR,04/01/2021,0.04
Norway,NOR,05/01/2021,0.1
Norway,NOR,06/01/2021,0.27
Norway,NOR,07/01/2021,0.39
Norway,NOR,08/01/2021,0.42
Norway,NOR,09/01/2021,0.42
Norway,NOR,10/01/2021,0.43
Norway,NOR,11/01/2021,0.43
Norway,NOR,12/01/2021,0.51
Norway,NOR,13/01/2021,0.69
Norway,NOR,14/01/2021,0.85
Norway,NOR,15/01/2021,0.93
Norway,NOR,16/01/2021,0.94
Norway,NOR,17/01/2021,0.95
Norway,NOR,18/01/2021,0.98
Norway,NOR,19/01/2021,1.08
Norway,NOR,20/01/2021,1.27
Norway,NOR,21/01/2021,1.43
Norway,NOR,22/01/2021,1.49
Norway,NOR,23/01/2021,1.5
Norway,NOR,24/01/2021,1.5
Norway,NOR,25/01/2021,1.51
Norway,NOR,26/01/2021,1.59
Norway,NOR,27/01/2021,1.94
Norway,NOR,28/01/2021,2.26
Norway,NOR,29/01/2021,2.36
Norway,NOR,30/01/2021,2.37
Norway,NOR,31/01/2021,2.37
Norway,NOR,01/02/2021,2.38
Norway,NOR,02/02/2021,2.56
Norway,NOR,03/02/2021,3.16
Norway,NOR,04/02/2021,3.79
Norway,NOR,05/02/2021,4.08
Norway,NOR,06/02/2021,4.1
Norway,NOR,07/02/2021,4.11
Norway,NOR,08/02/2021,4.13
Norway,NOR,09/02/2021,4.29
Norway,NOR,10/02/2021,4.87
Norway,NOR,11/02/2021,5.4
Norway,NOR,12/02/2021,5.6
Norway,NOR,13/02/2021,5.63
Norway,NOR,14/02/2021,5.63
Norway,NOR,15/02/2021,5.66
Norway,NOR,16/02/2021,5.8
Norway,NOR,17/02/2021,6.33
Oman,OMN,28/12/2020,0.03
Oman,OMN,29/12/2020,0.07
Oman,OMN,30/12/2020,0.1
Oman,OMN,31/12/2020,0.13
Oman,OMN,02/01/2021,0.14
Oman,OMN,03/01/2021,0.17
Oman,OMN,04/01/2021,0.21
Oman,OMN,05/01/2021,0.25
Oman,OMN,06/01/2021,0.27
Oman,OMN,07/01/2021,0.29
Oman,OMN,08/01/2021,0.29
Oman,OMN,09/01/2021,0.29
Oman,OMN,10/01/2021,0.31
Oman,OMN,11/01/2021,0.36
Oman,OMN,12/01/2021,0.4
Oman,OMN,13/01/2021,0.45
Oman,OMN,14/01/2021,0.47
Oman,OMN,16/01/2021,0.49
Oman,OMN,17/01/2021,0.5
Oman,OMN,18/01/2021,0.52
Oman,OMN,19/01/2021,0.55
Oman,OMN,20/01/2021,0.58
Oman,OMN,23/01/2021,0.6
Oman,OMN,24/01/2021,0.64
Oman,OMN,25/01/2021,0.68
Oman,OMN,26/01/2021,0.71
Oman,OMN,27/01/2021,0.73
Oman,OMN,08/02/2021,0.77
Oman,OMN,09/02/2021,0.85
Oman,OMN,10/02/2021,0.97
Oman,OMN,11/02/2021,1.13
Oman,OMN,12/02/2021,1.32
Oman,OMN,13/02/2021,1.52
Oman,OMN,14/02/2021,1.75
Oman,OMN,15/02/2021,2
Oman,OMN,16/02/2021,2.13
Oman,OMN,17/02/2021,2.42
Oman,OMN,18/02/2021,2.73
Pakistan,PAK,02/02/2021,0
Pakistan,PAK,10/02/2021,0.01
Pakistan,PAK,17/02/2021,0.02
Panama,PAN,19/01/2021,0
Panama,PAN,20/01/2021,0.01
Panama,PAN,21/01/2021,0.06
Panama,PAN,22/01/2021,0.12
Panama,PAN,23/01/2021,0.13
Panama,PAN,24/01/2021,0.15
Panama,PAN,25/01/2021,0.15
Panama,PAN,26/01/2021,0.17
Panama,PAN,27/01/2021,0.2
Panama,PAN,28/01/2021,0.2
Panama,PAN,29/01/2021,0.2
Panama,PAN,30/01/2021,0.2
Panama,PAN,31/01/2021,0.2
Panama,PAN,01/02/2021,0.24
Panama,PAN,02/02/2021,0.28
Panama,PAN,03/02/2021,0.29
Panama,PAN,04/02/2021,0.29
Panama,PAN,05/02/2021,0.29
Panama,PAN,06/02/2021,0.29
Panama,PAN,07/02/2021,0.29
Panama,PAN,08/02/2021,0.29
Panama,PAN,09/02/2021,0.29
Panama,PAN,10/02/2021,0.29
Panama,PAN,11/02/2021,0.29
Panama,PAN,12/02/2021,0.29
Panama,PAN,13/02/2021,0.29
Panama,PAN,14/02/2021,0.29
Panama,PAN,15/02/2021,0.29
Panama,PAN,16/02/2021,0.29
Panama,PAN,17/02/2021,0.3
Peru,PER,09/02/2021,0
Peru,PER,10/02/2021,0.03
Peru,PER,11/02/2021,0.1
Peru,PER,12/02/2021,0.17
Peru,PER,13/02/2021,0.21
Peru,PER,14/02/2021,0.22
Peru,PER,15/02/2021,0.24
Peru,PER,16/02/2021,0.33
Peru,PER,17/02/2021,0.36
Poland,POL,28/12/2020,0.01
Poland,POL,29/12/2020,0.02
Poland,POL,30/12/2020,0.1
Poland,POL,31/12/2020,0.13
Poland,POL,02/01/2021,0.13
Poland,POL,03/01/2021,0.13
Poland,POL,04/01/2021,0.24
Poland,POL,05/01/2021,0.37
Poland,POL,06/01/2021,0.42
Poland,POL,07/01/2021,0.5
Poland,POL,08/01/2021,0.53
Poland,POL,09/01/2021,0.53
Poland,POL,10/01/2021,0.54
Poland,POL,11/01/2021,0.68
Poland,POL,12/01/2021,0.82
Poland,POL,13/01/2021,0.98
Poland,POL,14/01/2021,1.08
Poland,POL,15/01/2021,1.15
Poland,POL,16/01/2021,1.21
Poland,POL,17/01/2021,1.24
Poland,POL,18/01/2021,1.31
Poland,POL,19/01/2021,1.43
Poland,POL,20/01/2021,1.56
Poland,POL,21/01/2021,1.7
Poland,POL,22/01/2021,1.81
Poland,POL,23/01/2021,1.85
Poland,POL,24/01/2021,1.87
Poland,POL,25/01/2021,2.05
Poland,POL,26/01/2021,2.39
Poland,POL,27/01/2021,2.66
Poland,POL,28/01/2021,2.9
Poland,POL,29/01/2021,3.02
Poland,POL,30/01/2021,3.06
Poland,POL,31/01/2021,3.11
Poland,POL,01/02/2021,3.25
Poland,POL,02/02/2021,3.55
Poland,POL,03/02/2021,3.86
Poland,POL,04/02/2021,4.14
Poland,POL,05/02/2021,4.27
Poland,POL,06/02/2021,4.34
Poland,POL,07/02/2021,4.38
Poland,POL,09/02/2021,4.69
Poland,POL,11/02/2021,5.27
Poland,POL,12/02/2021,5.47
Poland,POL,13/02/2021,5.57
Poland,POL,14/02/2021,5.61
Poland,POL,15/02/2021,5.7
Poland,POL,16/02/2021,5.89
Poland,POL,17/02/2021,6.3
Poland,POL,18/02/2021,6.76
Portugal,PRT,28/12/2020,0.05
Portugal,PRT,29/12/2020,0.16
Portugal,PRT,30/12/2020,0.26
Portugal,PRT,03/01/2021,0.31
Portugal,PRT,06/01/2021,0.41
Portugal,PRT,08/01/2021,0.69
Portugal,PRT,15/01/2021,1.04
Portugal,PRT,22/01/2021,2.08
Portugal,PRT,23/01/2021,2.28
Portugal,PRT,26/01/2021,2.58
Portugal,PRT,27/01/2021,2.73
Portugal,PRT,28/01/2021,2.9
Portugal,PRT,29/01/2021,3.1
Portugal,PRT,30/01/2021,3.24
Portugal,PRT,31/01/2021,3.3
Portugal,PRT,01/02/2021,3.32
Portugal,PRT,03/02/2021,3.44
Portugal,PRT,04/02/2021,3.57
Portugal,PRT,06/02/2021,3.72
Portugal,PRT,07/02/2021,3.86
Portugal,PRT,08/02/2021,3.88
Portugal,PRT,09/02/2021,3.89
Portugal,PRT,10/02/2021,3.92
Portugal,PRT,11/02/2021,4.28
Portugal,PRT,12/02/2021,4.59
Portugal,PRT,13/02/2021,4.96
Portugal,PRT,14/02/2021,5.13
Portugal,PRT,15/02/2021,5.19
Portugal,PRT,16/02/2021,5.29
Portugal,PRT,17/02/2021,5.46
Portugal,PRT,18/02/2021,5.68
Qatar,QAT,22/12/2020,0
Qatar,QAT,28/01/2021,1.74
Romania,ROU,28/12/2020,0.01
Romania,ROU,29/12/2020,0.01
Romania,ROU,30/12/2020,0.03
Romania,ROU,31/12/2020,0.05
Romania,ROU,01/01/2021,0.06
Romania,ROU,02/01/2021,0.07
Romania,ROU,03/01/2021,0.07
Romania,ROU,04/01/2021,0.13
Romania,ROU,05/01/2021,0.22
Romania,ROU,06/01/2021,0.3
Romania,ROU,07/01/2021,0.4
Romania,ROU,08/01/2021,0.48
Romania,ROU,09/01/2021,0.53
Romania,ROU,10/01/2021,0.56
Romania,ROU,11/01/2021,0.65
Romania,ROU,12/01/2021,0.73
Romania,ROU,13/01/2021,0.8
Romania,ROU,14/01/2021,0.87
Romania,ROU,15/01/2021,0.95
Romania,ROU,16/01/2021,1.02
Romania,ROU,17/01/2021,1.07
Romania,ROU,18/01/2021,1.22
Romania,ROU,19/01/2021,1.4
Romania,ROU,20/01/2021,1.6
Romania,ROU,21/01/2021,1.81
Romania,ROU,22/01/2021,2.01
Romania,ROU,23/01/2021,2.18
Romania,ROU,24/01/2021,2.32
Romania,ROU,25/01/2021,2.52
Romania,ROU,26/01/2021,2.75
Romania,ROU,27/01/2021,2.97
Romania,ROU,28/01/2021,3.17
Romania,ROU,29/01/2021,3.36
Romania,ROU,30/01/2021,3.5
Romania,ROU,31/01/2021,3.59
Romania,ROU,01/02/2021,3.75
Romania,ROU,02/02/2021,3.89
Romania,ROU,03/02/2021,4.01
Romania,ROU,04/02/2021,4.13
Romania,ROU,05/02/2021,4.27
Romania,ROU,06/02/2021,4.37
Romania,ROU,07/02/2021,4.45
Romania,ROU,08/02/2021,4.63
Romania,ROU,09/02/2021,4.84
Romania,ROU,10/02/2021,5.05
Romania,ROU,11/02/2021,5.25
Romania,ROU,12/02/2021,5.45
Romania,ROU,13/02/2021,5.64
Romania,ROU,14/02/2021,5.79
Romania,ROU,15/02/2021,5.98
Romania,ROU,16/02/2021,6.22
Romania,ROU,17/02/2021,6.45
Romania,ROU,18/02/2021,6.65
Russia,RUS,15/12/2020,0.02
Russia,RUS,22/12/2020,0.04
Russia,RUS,02/01/2021,0.55
Russia,RUS,13/01/2021,0.69
Russia,RUS,10/02/2021,2.67
Saint Helena,SHN,03/02/2021,1.76
Saudi Arabia,SAU,06/01/2021,0.29
Saudi Arabia,SAU,07/01/2021,0.4
Saudi Arabia,SAU,11/01/2021,0.51
Saudi Arabia,SAU,17/01/2021,0.85
Saudi Arabia,SAU,29/01/2021,1.12
Saudi Arabia,SAU,01/02/2021,1.27
Saudi Arabia,SAU,07/02/2021,1.27
Saudi Arabia,SAU,11/02/2021,1.28
Saudi Arabia,SAU,14/02/2021,1.28
Saudi Arabia,SAU,16/02/2021,1.33
Saudi Arabia,SAU,18/02/2021,1.44
Scotland,,13/12/2020,0.35
Scotland,,20/12/2020,1.1
Scotland,,27/12/2020,1.73
Scotland,,03/01/2021,2.12
Scotland,,10/01/2021,3.04
Scotland,,11/01/2021,3.27
Scotland,,12/01/2021,3.57
Scotland,,13/01/2021,3.87
Scotland,,14/01/2021,4.18
Scotland,,15/01/2021,4.49
Scotland,,16/01/2021,4.83
Scotland,,17/01/2021,4.92
Scotland,,18/01/2021,5.28
Scotland,,19/01/2021,5.75
Scotland,,20/01/2021,6.21
Scotland,,21/01/2021,6.65
Scotland,,22/01/2021,7.06
Scotland,,23/01/2021,7.49
Scotland,,24/01/2021,7.7
Scotland,,25/01/2021,8.13
Scotland,,26/01/2021,8.58
Scotland,,27/01/2021,9.12
Scotland,,28/01/2021,9.57
Scotland,,29/01/2021,10.09
Scotland,,30/01/2021,10.51
Scotland,,31/01/2021,10.68
Scotland,,01/02/2021,11.33
Scotland,,02/02/2021,12.04
Scotland,,03/02/2021,12.87
Scotland,,04/02/2021,13.77
Scotland,,05/02/2021,14.58
Scotland,,06/02/2021,15.56
Scotland,,07/02/2021,16.06
Scotland,,08/02/2021,17.21
Scotland,,09/02/2021,18.28
Scotland,,10/02/2021,19.44
Scotland,,11/02/2021,20.63
Scotland,,12/02/2021,21.74
Scotland,,13/02/2021,22.66
Scotland,,14/02/2021,23.24
Scotland,,15/02/2021,23.89
Scotland,,16/02/2021,24.54
Scotland,,17/02/2021,25.24
Serbia,SRB,08/01/2021,0.1
Serbia,SRB,10/01/2021,0.14
Serbia,SRB,14/01/2021,0.27
Serbia,SRB,20/01/2021,0.66
Serbia,SRB,21/01/2021,1.25
Serbia,SRB,22/01/2021,1.76
Serbia,SRB,23/01/2021,2.4
Serbia,SRB,24/01/2021,3.2
Serbia,SRB,25/01/2021,3.77
Serbia,SRB,26/01/2021,4.7
Serbia,SRB,27/01/2021,5.32
Serbia,SRB,28/01/2021,5.9
Serbia,SRB,29/01/2021,6.33
Serbia,SRB,30/01/2021,6.43
Serbia,SRB,02/02/2021,7.29
Serbia,SRB,03/02/2021,7.55
Serbia,SRB,04/02/2021,7.74
Serbia,SRB,05/02/2021,7.91
Serbia,SRB,07/02/2021,8
Serbia,SRB,10/02/2021,9.41
Serbia,SRB,12/02/2021,10.44
Serbia,SRB,14/02/2021,12.01
Serbia,SRB,17/02/2021,13.9
Seychelles,SYC,09/01/2021,0
Seychelles,SYC,13/01/2021,2.03
Seychelles,SYC,15/01/2021,4.07
Seychelles,SYC,16/01/2021,7.12
Seychelles,SYC,19/01/2021,11.16
Seychelles,SYC,20/01/2021,13.39
Seychelles,SYC,22/01/2021,17.18
Seychelles,SYC,23/01/2021,18.66
Seychelles,SYC,25/01/2021,20.22
Seychelles,SYC,26/01/2021,23.1
Seychelles,SYC,27/01/2021,26.02
Seychelles,SYC,28/01/2021,29.26
Seychelles,SYC,29/01/2021,31.38
Seychelles,SYC,01/02/2021,35.67
Seychelles,SYC,02/02/2021,36.9
Seychelles,SYC,03/02/2021,37.72
Seychelles,SYC,06/02/2021,39.84
Seychelles,SYC,08/02/2021,42.4
Seychelles,SYC,09/02/2021,45.17
Seychelles,SYC,10/02/2021,48.87
Seychelles,SYC,11/02/2021,52.69
Seychelles,SYC,13/02/2021,56.92
Seychelles,SYC,15/02/2021,59.23
Seychelles,SYC,16/02/2021,61
Seychelles,SYC,17/02/2021,62.39
Singapore,SGP,11/01/2021,0.06
Singapore,SGP,12/01/2021,0.11
Singapore,SGP,22/01/2021,1.03
Singapore,SGP,27/01/2021,1.93
Singapore,SGP,31/01/2021,2.65
Singapore,SGP,02/02/2021,3.09
Singapore,SGP,10/02/2021,4.38
Slovakia,SVK,04/01/2021,0
Slovakia,SVK,05/01/2021,0.01
Slovakia,SVK,06/01/2021,0.12
Slovakia,SVK,07/01/2021,0.25
Slovakia,SVK,08/01/2021,0.38
Slovakia,SVK,09/01/2021,0.41
Slovakia,SVK,10/01/2021,0.46
Slovakia,SVK,11/01/2021,0.54
Slovakia,SVK,12/01/2021,0.73
Slovakia,SVK,13/01/2021,0.86
Slovakia,SVK,14/01/2021,0.99
Slovakia,SVK,15/01/2021,1.14
Slovakia,SVK,16/01/2021,1.16
Slovakia,SVK,17/01/2021,1.16
Slovakia,SVK,18/01/2021,1.32
Slovakia,SVK,19/01/2021,1.47
Slovakia,SVK,20/01/2021,1.61
Slovakia,SVK,21/01/2021,1.75
Slovakia,SVK,22/01/2021,1.87
Slovakia,SVK,23/01/2021,1.88
Slovakia,SVK,24/01/2021,1.88
Slovakia,SVK,25/01/2021,2.04
Slovakia,SVK,26/01/2021,2.17
Slovakia,SVK,27/01/2021,2.3
Slovakia,SVK,28/01/2021,2.48
Slovakia,SVK,29/01/2021,2.7
Slovakia,SVK,30/01/2021,2.72
Slovakia,SVK,31/01/2021,2.73
Slovakia,SVK,01/02/2021,2.94
Slovakia,SVK,02/02/2021,3.17
Slovakia,SVK,03/02/2021,3.38
Slovakia,SVK,04/02/2021,3.64
Slovakia,SVK,05/02/2021,3.92
Slovakia,SVK,06/02/2021,3.97
Slovakia,SVK,07/02/2021,3.97
Slovakia,SVK,08/02/2021,4.18
Slovakia,SVK,09/02/2021,4.45
Slovakia,SVK,10/02/2021,4.69
Slovakia,SVK,11/02/2021,4.94
Slovakia,SVK,12/02/2021,5.2
Slovakia,SVK,13/02/2021,5.27
Slovakia,SVK,14/02/2021,5.47
Slovakia,SVK,15/02/2021,5.71
Slovakia,SVK,16/02/2021,5.91
Slovakia,SVK,17/02/2021,6.12
Slovakia,SVK,18/02/2021,6.31
Slovenia,SVN,27/12/2020,0.28
Slovenia,SVN,28/12/2020,0.36
Slovenia,SVN,29/12/2020,0.41
Slovenia,SVN,30/12/2020,0.43
Slovenia,SVN,31/12/2020,0.52
Slovenia,SVN,01/01/2021,0.52
Slovenia,SVN,02/01/2021,0.54
Slovenia,SVN,03/01/2021,0.57
Slovenia,SVN,04/01/2021,0.62
Slovenia,SVN,05/01/2021,0.74
Slovenia,SVN,06/01/2021,0.98
Slovenia,SVN,07/01/2021,1.24
Slovenia,SVN,08/01/2021,1.39
Slovenia,SVN,09/01/2021,1.4
Slovenia,SVN,10/01/2021,1.4
Slovenia,SVN,11/01/2021,1.43
Slovenia,SVN,12/01/2021,1.51
Slovenia,SVN,13/01/2021,1.74
Slovenia,SVN,14/01/2021,2.06
Slovenia,SVN,15/01/2021,2.29
Slovenia,SVN,16/01/2021,2.3
Slovenia,SVN,17/01/2021,2.3
Slovenia,SVN,18/01/2021,2.31
Slovenia,SVN,19/01/2021,2.42
Slovenia,SVN,20/01/2021,2.64
Slovenia,SVN,21/01/2021,2.85
Slovenia,SVN,22/01/2021,2.96
Slovenia,SVN,23/01/2021,2.99
Slovenia,SVN,24/01/2021,3
Slovenia,SVN,25/01/2021,3
Slovenia,SVN,26/01/2021,3.09
Slovenia,SVN,27/01/2021,3.32
Slovenia,SVN,28/01/2021,3.6
Slovenia,SVN,29/01/2021,3.82
Slovenia,SVN,30/01/2021,3.83
Slovenia,SVN,31/01/2021,3.83
Slovenia,SVN,01/02/2021,3.83
Slovenia,SVN,02/02/2021,3.88
Slovenia,SVN,03/02/2021,4.11
Slovenia,SVN,04/02/2021,4.46
Slovenia,SVN,05/02/2021,4.73
Slovenia,SVN,06/02/2021,4.76
Slovenia,SVN,07/02/2021,4.76
Slovenia,SVN,08/02/2021,4.78
Slovenia,SVN,09/02/2021,4.79
Slovenia,SVN,10/02/2021,4.94
Slovenia,SVN,11/02/2021,5.33
Slovenia,SVN,12/02/2021,5.73
Slovenia,SVN,13/02/2021,5.78
Slovenia,SVN,14/02/2021,5.78
Slovenia,SVN,15/02/2021,5.78
Slovenia,SVN,16/02/2021,5.83
Slovenia,SVN,17/02/2021,6.09
Slovenia,SVN,18/02/2021,6.49
Spain,ESP,04/01/2021,0.18
Spain,ESP,05/01/2021,0.3
Spain,ESP,07/01/2021,0.44
Spain,ESP,08/01/2021,0.59
Spain,ESP,11/01/2021,0.87
Spain,ESP,12/01/2021,1.04
Spain,ESP,13/01/2021,1.24
Spain,ESP,14/01/2021,1.45
Spain,ESP,15/01/2021,1.64
Spain,ESP,18/01/2021,1.92
Spain,ESP,19/01/2021,2.07
Spain,ESP,20/01/2021,2.19
Spain,ESP,21/01/2021,2.36
Spain,ESP,22/01/2021,2.49
Spain,ESP,24/01/2021,2.65
Spain,ESP,25/01/2021,2.76
Spain,ESP,26/01/2021,2.9
Spain,ESP,27/01/2021,2.98
Spain,ESP,28/01/2021,3.15
Spain,ESP,31/01/2021,3.44
Spain,ESP,01/02/2021,3.58
Spain,ESP,02/02/2021,3.77
Spain,ESP,03/02/2021,3.99
Spain,ESP,04/02/2021,4.25
Spain,ESP,07/02/2021,4.5
Spain,ESP,08/02/2021,4.64
Spain,ESP,09/02/2021,4.78
Spain,ESP,10/02/2021,4.96
Spain,ESP,11/02/2021,5.18
Spain,ESP,14/02/2021,5.48
Spain,ESP,15/02/2021,5.61
Spain,ESP,16/02/2021,5.75
Spain,ESP,17/02/2021,5.95
Sri Lanka,LKA,28/01/2021,0
Sri Lanka,LKA,29/01/2021,0.02
Sri Lanka,LKA,30/01/2021,0.18
Sri Lanka,LKA,31/01/2021,0.28
Sri Lanka,LKA,01/02/2021,0.45
Sri Lanka,LKA,02/02/2021,0.55
Sri Lanka,LKA,03/02/2021,0.65
Sri Lanka,LKA,04/02/2021,0.68
Sri Lanka,LKA,05/02/2021,0.73
Sri Lanka,LKA,06/02/2021,0.75
Sri Lanka,LKA,07/02/2021,0.76
Sri Lanka,LKA,08/02/2021,0.78
Sri Lanka,LKA,09/02/2021,0.81
Sri Lanka,LKA,10/02/2021,0.83
Sri Lanka,LKA,11/02/2021,0.83
Sri Lanka,LKA,12/02/2021,0.84
Sri Lanka,LKA,13/02/2021,0.87
Sri Lanka,LKA,14/02/2021,0.88
Sri Lanka,LKA,15/02/2021,0.9
Sri Lanka,LKA,16/02/2021,0.92
Sweden,SWE,27/12/2020,0.02
Sweden,SWE,03/01/2021,0.14
Sweden,SWE,10/01/2021,0.47
Sweden,SWE,17/01/2021,1.18
Sweden,SWE,24/01/2021,2.27
Sweden,SWE,31/01/2021,3.11
Sweden,SWE,07/02/2021,4.03
Sweden,SWE,12/02/2021,4.53
Sweden,SWE,16/02/2021,5.01
Sweden,SWE,17/02/2021,5.21
Sweden,SWE,18/02/2021,5.48
Switzerland,CHE,24/01/2021,2.27
Switzerland,CHE,25/01/2021,2.27
Switzerland,CHE,26/01/2021,2.27
Switzerland,CHE,27/01/2021,2.99
Switzerland,CHE,28/01/2021,2.99
Switzerland,CHE,29/01/2021,2.99
Switzerland,CHE,30/01/2021,2.99
Switzerland,CHE,31/01/2021,3.63
Switzerland,CHE,01/02/2021,3.63
Switzerland,CHE,02/02/2021,3.63
Switzerland,CHE,03/02/2021,4.25
Switzerland,CHE,04/02/2021,4.25
Switzerland,CHE,05/02/2021,4.25
Switzerland,CHE,06/02/2021,4.25
Switzerland,CHE,07/02/2021,4.77
Switzerland,CHE,08/02/2021,4.77
Switzerland,CHE,09/02/2021,4.77
Switzerland,CHE,10/02/2021,5.56
Switzerland,CHE,11/02/2021,5.56
Switzerland,CHE,12/02/2021,5.56
Switzerland,CHE,13/02/2021,5.56
Switzerland,CHE,14/02/2021,6.25
Turkey,TUR,13/01/2021,0
Turkey,TUR,14/01/2021,0.33
Turkey,TUR,15/01/2021,0.73
Turkey,TUR,16/01/2021,0.8
Turkey,TUR,17/01/2021,0.84
Turkey,TUR,18/01/2021,0.99
Turkey,TUR,19/01/2021,1.13
Turkey,TUR,20/01/2021,1.25
Turkey,TUR,21/01/2021,1.33
Turkey,TUR,22/01/2021,1.43
Turkey,TUR,23/01/2021,1.45
Turkey,TUR,24/01/2021,1.48
Turkey,TUR,25/01/2021,1.54
Turkey,TUR,26/01/2021,1.67
Turkey,TUR,27/01/2021,1.81
Turkey,TUR,28/01/2021,2.01
Turkey,TUR,29/01/2021,2.29
Turkey,TUR,30/01/2021,2.32
Turkey,TUR,31/01/2021,2.36
Turkey,TUR,01/02/2021,2.53
Turkey,TUR,02/02/2021,2.64
Turkey,TUR,03/02/2021,2.78
Turkey,TUR,04/02/2021,2.97
Turkey,TUR,05/02/2021,3.04
Turkey,TUR,06/02/2021,3.08
Turkey,TUR,07/02/2021,3.1
Turkey,TUR,08/02/2021,3.16
Turkey,TUR,09/02/2021,3.24
Turkey,TUR,10/02/2021,3.31
Turkey,TUR,11/02/2021,3.37
Turkey,TUR,12/02/2021,4.04
Turkey,TUR,13/02/2021,4.4
Turkey,TUR,14/02/2021,4.54
Turkey,TUR,15/02/2021,4.96
Turkey,TUR,16/02/2021,5.49
Turkey,TUR,17/02/2021,6.19
Turkey,TUR,18/02/2021,6.99
Turks and Caicos Islands,TCA,10/01/2021,0
Turks and Caicos Islands,TCA,08/02/2021,16.62
United Arab Emirates,ARE,05/01/2021,8.35
United Arab Emirates,ARE,07/01/2021,8.98
United Arab Emirates,ARE,08/01/2021,9.52
United Arab Emirates,ARE,09/01/2021,10.32
United Arab Emirates,ARE,10/01/2021,10.99
United Arab Emirates,ARE,11/01/2021,11.8
United Arab Emirates,ARE,12/01/2021,12.9
United Arab Emirates,ARE,13/01/2021,14.1
United Arab Emirates,ARE,14/01/2021,15.45
United Arab Emirates,ARE,15/01/2021,16.84
United Arab Emirates,ARE,16/01/2021,18.18
United Arab Emirates,ARE,17/01/2021,19.04
United Arab Emirates,ARE,18/01/2021,19.93
United Arab Emirates,ARE,19/01/2021,20.88
United Arab Emirates,ARE,20/01/2021,21.85
United Arab Emirates,ARE,21/01/2021,22.71
United Arab Emirates,ARE,22/01/2021,23.65
United Arab Emirates,ARE,23/01/2021,24.54
United Arab Emirates,ARE,24/01/2021,25.15
United Arab Emirates,ARE,25/01/2021,26
United Arab Emirates,ARE,26/01/2021,27.07
United Arab Emirates,ARE,27/01/2021,27.95
United Arab Emirates,ARE,28/01/2021,29
United Arab Emirates,ARE,29/01/2021,30.4
United Arab Emirates,ARE,30/01/2021,31.49
United Arab Emirates,ARE,31/01/2021,33.71
United Arab Emirates,ARE,01/02/2021,34.79
United Arab Emirates,ARE,03/02/2021,36.04
United Arab Emirates,ARE,04/02/2021,38.92
United Arab Emirates,ARE,06/02/2021,42.48
United Arab Emirates,ARE,07/02/2021,43.62
United Arab Emirates,ARE,08/02/2021,44.63
United Arab Emirates,ARE,09/02/2021,45.77
United Arab Emirates,ARE,10/02/2021,47.37
United Arab Emirates,ARE,11/02/2021,48.45
United Arab Emirates,ARE,12/02/2021,49.56
United Arab Emirates,ARE,13/02/2021,50.61
United Arab Emirates,ARE,14/02/2021,51.11
United Arab Emirates,ARE,15/02/2021,51.43
United Arab Emirates,ARE,16/02/2021,52.56
United Arab Emirates,ARE,17/02/2021,53.43
United Arab Emirates,ARE,18/02/2021,54.33
United Kingdom,GBR,13/12/2020,0.13
United Kingdom,GBR,20/12/2020,0.99
United Kingdom,GBR,27/12/2020,1.48
United Kingdom,GBR,03/01/2021,2.06
United Kingdom,GBR,10/01/2021,3.94
United Kingdom,GBR,11/01/2021,4.19
United Kingdom,GBR,12/01/2021,4.52
United Kingdom,GBR,13/01/2021,4.94
United Kingdom,GBR,14/01/2021,5.42
United Kingdom,GBR,15/01/2021,5.93
United Kingdom,GBR,16/01/2021,6.37
United Kingdom,GBR,17/01/2021,6.65
United Kingdom,GBR,18/01/2021,6.96
United Kingdom,GBR,19/01/2021,7.47
United Kingdom,GBR,20/01/2021,8.01
United Kingdom,GBR,21/01/2021,8.62
United Kingdom,GBR,22/01/2021,9.32
United Kingdom,GBR,23/01/2021,10.05
United Kingdom,GBR,24/01/2021,10.38
United Kingdom,GBR,25/01/2021,10.79
United Kingdom,GBR,26/01/2021,11.25
United Kingdom,GBR,27/01/2021,11.72
United Kingdom,GBR,28/01/2021,12.33
United Kingdom,GBR,29/01/2021,13.05
United Kingdom,GBR,30/01/2021,13.95
United Kingdom,GBR,31/01/2021,14.42
United Kingdom,GBR,01/02/2021,14.94
United Kingdom,GBR,02/02/2021,15.5
United Kingdom,GBR,03/02/2021,16.19
United Kingdom,GBR,04/02/2021,16.91
United Kingdom,GBR,05/02/2021,17.64
United Kingdom,GBR,06/02/2021,18.45
United Kingdom,GBR,07/02/2021,18.86
United Kingdom,GBR,08/02/2021,19.39
United Kingdom,GBR,09/02/2021,20
United Kingdom,GBR,10/02/2021,20.67
United Kingdom,GBR,11/02/2021,21.42
United Kingdom,GBR,12/02/2021,22.23
United Kingdom,GBR,13/02/2021,22.98
United Kingdom,GBR,14/02/2021,23.33
United Kingdom,GBR,15/02/2021,23.75
United Kingdom,GBR,16/02/2021,24.3
United Kingdom,GBR,17/02/2021,25.04
United States,USA,20/12/2020,0.17
United States,USA,21/12/2020,0.18
United States,USA,23/12/2020,0.3
United States,USA,26/12/2020,0.58
United States,USA,28/12/2020,0.64
United States,USA,30/12/2020,0.84
United States,USA,02/01/2021,1.26
United States,USA,04/01/2021,1.36
United States,USA,05/01/2021,1.45
United States,USA,06/01/2021,1.59
United States,USA,07/01/2021,1.77
United States,USA,08/01/2021,2
United States,USA,11/01/2021,2.69
United States,USA,12/01/2021,2.79
United States,USA,13/01/2021,3.07
United States,USA,14/01/2021,3.33
United States,USA,15/01/2021,3.67
United States,USA,19/01/2021,4.7
United States,USA,20/01/2021,4.94
United States,USA,21/01/2021,5.25
United States,USA,22/01/2021,5.71
United States,USA,23/01/2021,6.14
United States,USA,24/01/2021,6.53
United States,USA,25/01/2021,6.8
United States,USA,26/01/2021,7.04
United States,USA,27/01/2021,7.37
United States,USA,28/01/2021,7.83
United States,USA,29/01/2021,8.34
United States,USA,30/01/2021,8.84
United States,USA,31/01/2021,9.31
United States,USA,01/02/2021,9.63
United States,USA,02/02/2021,9.8
United States,USA,03/02/2021,10.13
United States,USA,04/02/2021,10.53
United States,USA,05/02/2021,11.01
United States,USA,06/02/2021,11.67
United States,USA,07/02/2021,12.32
United States,USA,08/02/2021,12.68
United States,USA,09/02/2021,12.92
United States,USA,10/02/2021,13.39
United States,USA,11/02/2021,13.87
United States,USA,12/02/2021,14.48
United States,USA,13/02/2021,15.14
United States,USA,14/02/2021,15.81
United States,USA,16/02/2021,16.51
United States,USA,17/02/2021,16.83
United States,USA,18/02/2021,17.26
Wales,,13/12/2020,0.26
Wales,,20/12/2020,0.76
Wales,,27/12/2020,1.15
Wales,,03/01/2021,1.6
Wales,,10/01/2021,2.73
Wales,,11/01/2021,2.9
Wales,,12/01/2021,3.22
Wales,,13/01/2021,3.59
Wales,,14/01/2021,4.01
Wales,,17/01/2021,4.82
Wales,,18/01/2021,5.14
Wales,,19/01/2021,5.59
Wales,,20/01/2021,6.05
Wales,,21/01/2021,6.75
Wales,,22/01/2021,7.64
Wales,,23/01/2021,8.41
Wales,,24/01/2021,8.61
Wales,,25/01/2021,9.2
Wales,,26/01/2021,9.93
Wales,,27/01/2021,10.68
Wales,,28/01/2021,11.51
Wales,,29/01/2021,12.02
Wales,,30/01/2021,12.82
Wales,,31/01/2021,13.23
Wales,,01/02/2021,13.98
Wales,,02/02/2021,14.71
Wales,,03/02/2021,15.6
Wales,,04/02/2021,16.64
Wales,,05/02/2021,17.74
Wales,,06/02/2021,18.78
Wales,,07/02/2021,19.24
Wales,,08/02/2021,20.05
Wales,,09/02/2021,20.9
Wales,,10/02/2021,21.82
Wales,,11/02/2021,22.83
Wales,,12/02/2021,23.9
Wales,,13/02/2021,24.62
Wales,,14/02/2021,25.06
Wales,,15/02/2021,25.47
Wales,,16/02/2021,26.02
Wales,,17/02/2021,26.7
World,OWID_WRL,13/12/2020,0
World,OWID_WRL,15/12/2020,0.02
World,OWID_WRL,19/12/2020,0.02
World,OWID_WRL,20/12/2020,0.04
World,OWID_WRL,21/12/2020,0.04
World,OWID_WRL,22/12/2020,0.04
World,OWID_WRL,23/12/2020,0.04
World,OWID_WRL,24/12/2020,0.04
World,OWID_WRL,25/12/2020,0.05
World,OWID_WRL,26/12/2020,0.06
World,OWID_WRL,27/12/2020,0.06
World,OWID_WRL,28/12/2020,0.07
World,OWID_WRL,29/12/2020,0.07
World,OWID_WRL,30/12/2020,0.08
World,OWID_WRL,31/12/2020,0.13
World,OWID_WRL,01/01/2021,0.13
World,OWID_WRL,02/01/2021,0.16
World,OWID_WRL,03/01/2021,0.17
World,OWID_WRL,04/01/2021,0.18
World,OWID_WRL,05/01/2021,0.2
World,OWID_WRL,06/01/2021,0.21
World,OWID_WRL,07/01/2021,0.22
World,OWID_WRL,08/01/2021,0.24
World,OWID_WRL,09/01/2021,0.3
World,OWID_WRL,10/01/2021,0.33
World,OWID_WRL,11/01/2021,0.36
World,OWID_WRL,12/01/2021,0.38
World,OWID_WRL,13/01/2021,0.43
World,OWID_WRL,14/01/2021,0.46
World,OWID_WRL,15/01/2021,0.49
World,OWID_WRL,16/01/2021,0.51
World,OWID_WRL,17/01/2021,0.52
World,OWID_WRL,18/01/2021,0.54
World,OWID_WRL,19/01/2021,0.6
World,OWID_WRL,20/01/2021,0.7
World,OWID_WRL,21/01/2021,0.74
World,OWID_WRL,22/01/2021,0.79
World,OWID_WRL,23/01/2021,0.82
World,OWID_WRL,24/01/2021,0.86
World,OWID_WRL,25/01/2021,0.89
World,OWID_WRL,26/01/2021,0.92
World,OWID_WRL,27/01/2021,1.07
World,OWID_WRL,28/01/2021,1.12
World,OWID_WRL,29/01/2021,1.18
World,OWID_WRL,30/01/2021,1.22
World,OWID_WRL,31/01/2021,1.28
World,OWID_WRL,01/02/2021,1.32
World,OWID_WRL,02/02/2021,1.35
World,OWID_WRL,03/02/2021,1.49
World,OWID_WRL,04/02/2021,1.55
World,OWID_WRL,05/02/2021,1.6
World,OWID_WRL,06/02/2021,1.66
World,OWID_WRL,07/02/2021,1.7
World,OWID_WRL,08/02/2021,1.74
World,OWID_WRL,09/02/2021,1.91
World,OWID_WRL,10/02/2021,2.01
World,OWID_WRL,11/02/2021,2.07
World,OWID_WRL,12/02/2021,2.14
World,OWID_WRL,13/02/2021,2.21
World,OWID_WRL,14/02/2021,2.26
World,OWID_WRL,15/02/2021,2.3
World,OWID_WRL,16/02/2021,2.37
World,OWID_WRL,17/02/2021,2.43
World,OWID_WRL,18/02/2021,2.49
